sum_count,carry_count,gate
2,10,0+--+0+-0
2,10,0-+++--00
2,10,00++---+0
2,10,0+-0-++-0
4,14,+-00+-0+-
4,16,0+---++-0
4,16,0+--+++-0
4,16,0-++---+0
4,16,0-+++--+0
4,17,++0--+00-
4,18,+-0+-00+-
4,19,+-0-++00-
4,19,+-00-+0+-
4,20,+00--+0+-
4,20,+-0-+00+-
4,21,+00-++0--
5,10,0-+0+0---
5,10,+0-+-++00
5,18,0-0++--00
5,18,0+00-++-0
5,19,0+--+00-0
5,19,00++--0+0
5,22,00+-+-+0-
6,6,0+0++--0-
6,6,++00--+-0
6,6,+000---+-
6,6,+0-0-+0--
6,6,+-+++000-
6,6,++0-+0+0-
6,6,0+0-+0+0-
6,7,+0++--0-0
6,7,0-+++000-
6,7,+000--++0
6,7,+0+0-+0-0
6,7,+000---+0
6,7,++00-0-0-
6,7,0+-++00--
6,7,0+0-+0-0-
6,7,+0+0+00--
6,8,+0-+-000-
6,8,+000+-+0-
6,9,+0-+-+0+0
6,10,00--+-+0-
6,10,+0+0+--+0
6,10,0+---000-
6,10,0-0+-0-0-
6,10,+0+0+-0+0
6,10,+0-0-+0-0
6,10,+++0-0-+0
6,11,+000+++-0
6,14,0-+0+----
6,15,++-+-++00
6,16,00--+-+--
6,18,++++-0-+0
6,21,++-0-0-+0
6,22,0-+0+0+--
7,6,+-00+-00-
7,6,+00+-00+-
7,6,0-00+-+0-
7,6,00+-+00--
7,6,++00-+-00
7,7,++-0-+000
7,7,+00--+00-
7,7,0-+0+-00-
7,8,+-00-00+-
7,8,0+-+--+-0
7,8,+00+-0-+0
7,8,000-+0+--
7,9,+00-+00--
7,9,+-00+00+-
7,9,++00-+00-
7,10,+0-+-00+0
7,10,0+0+--+0-
7,11,0+----+00
7,11,0-++-0--0
7,11,00-++++-0
7,11,0++0+--+0
7,12,+00-++00-
7,12,+-0--++--
7,13,00++---00
7,13,00+-+0---
7,14,+-++-0-00
7,14,0+--+0+--
7,14,+0-+---+0
7,14,++---0+00
7,14,00+0+--+-
7,15,00+++--00
7,15,00-++0-+-
7,15,+0+--0+-0
7,15,0-+++--0-
7,15,++00-+0+-
7,15,+-+---0+-
7,16,+-00+-0+0
7,16,+-0+++0+-
7,16,+0-+-0++0
7,16,+-0---0+-
7,16,+-0+++-+-
7,16,00-0+++--
7,16,++0-++0+-
7,16,0--0+-+0-
7,17,0+-0+0+-0
7,17,++--++0+-
7,17,+-0++-0+-
7,18,+++0-+-00
7,18,++0-++0--
7,18,+0++---+0
7,18,++00+---0
7,18,+-0-+00--
7,18,+-0-+-00-
7,18,++-0-++-0
7,18,+-0--+0--
7,19,++0--+0--
7,19,+00+-+0+-
7,19,++-0-+--0
7,19,+-0-+00-0
7,19,0++-+0+--
7,19,0+-0++-0-
7,19,000+-+0+-
7,20,+0-++-0-0
7,20,+0-+-+-00
7,20,0+++-00--
7,20,+-+0--+00
7,20,+-0-+-000
7,21,0+-0-0+-0
7,21,0+00-+0+-
7,21,+-0+--0+-
7,21,+-00+-+-0
7,24,+-0-++0+-
7,24,+-0--+0+-
7,25,0-+++-+0-
8,5,+++0-000-
8,7,+000-++-0
8,7,+0+0--0+0
8,7,00--+0+-0
8,7,0-0++0-0-
8,7,0+-0-++00
8,7,0+--+000-
8,8,+0++-0-+0
8,8,00--+00--
8,8,++-0-++00
8,8,0+-0-000-
8,8,00--+0+--
8,8,+000+0+-0
8,8,0-+0+--0-
8,8,000+-0-0-
8,8,+0+0+-000
8,9,0+-++-+-0
8,9,0++++---0
8,9,0+++----0
8,9,++00-+-+0
8,9,0-+-+00--
8,9,0-0-+-+0-
8,10,00++-0-+0
8,10,0-+0+--00
8,13,+----00+-
8,14,++-0-000-
8,14,+000+0+--
8,14,+0---+0+0
8,15,00-+-00+0
8,15,0-00+-+00
8,16,0+-++0+-0
8,16,+-00-+-+0
8,17,+0+0+-00-
8,17,+-0--+-0-
8,17,0-+-+00+-
8,17,00++----0
8,17,0-0-+++0-
8,17,0+0++--00
8,18,0+-++00-0
8,18,00+-+00-0
8,18,00+-+-++-
8,18,0-+0+++--
8,18,+0+-++0+-
8,18,+-00++++-
8,19,00++--0-0
8,19,+00+-0-0-
8,19,0+00--+-0
8,20,+--+-00+0
8,20,0+-0--+-0
8,21,0+00-+-00
9,6,++00+-+00
9,6,00-+-00--
9,6,0+00---0-
9,6,+0+++00-0
9,7,0--++000-
9,9,+-0++++0-
9,10,+0-0+++-0
9,10,0+---0+0-
9,11,+++-+00+-
9,11,+0----0+-
9,11,+-00-+---
9,12,+-0--0-00
9,12,++---00+0
9,13,+-0-+++--
9,14,++0--+-00
9,14,++-+-+0+-
9,14,00+-+-0+-
9,15,+-0-+-+--
9,15,0-00+++--
9,15,0-++-0---
9,15,+--0-+-00
9,15,+-+-+-0--
9,16,00+-++0--
9,16,0-+0+++0-
9,16,0+-++0+0-
9,16,0+----+0-
9,16,+0-++++-0
9,17,0-0+-00+-
9,17,+-0+--0+0
9,17,+-0+-+-00
9,17,0+0+++0+-
9,18,++0+-00--
9,18,++0-+-+--
9,18,00+-+0++-
9,18,0---+0+-0
9,18,++---+0+-
9,18,+0---0-+0
9,18,+-0--+-00
9,19,++0+-+-+-
9,19,+00-++0-0
9,19,0-+-+--00
9,19,0-00+-++-
9,19,++0+---+-
9,19,+++0+--+0
9,19,+-0+-+-+-
9,21,0+0--+00-
9,21,0+-0-+++0
9,21,++-+-+0--
9,21,0-+0+-0+-
9,21,+-+++-0--
9,21,+-0+-0-+0
9,21,000-+++--
9,21,+-+-+-0+-
9,21,000+++0+-
9,22,00++-+-+0
9,23,+-0---0-0
9,23,++---+000
9,25,+-0---000
9,26,0+00++0+-
9,28,+-0--00-0
10,6,+000-+0-0
10,6,+000--0+0
10,6,+0-0++--0
10,6,0+0-+000-
10,6,0++--0+0-
10,6,+0-0+--+0
10,6,0-0++000-
10,7,+0-0-00+0
10,8,0-++-0+0-
10,10,0-++-0-0-
10,12,0++0--+00
10,12,00+0++0+-
10,13,0-00+--+-
10,14,0+0--++00
10,14,00--++0-0
10,14,0000++++-
10,14,+----0000
10,15,0+-++0--0
10,16,+00++-+-0
10,16,+-0+-0+0-
10,16,00++--+-0
10,17,0-++-0++-
10,17,++0--++00
10,17,0-++-00+0
10,17,+0+0----0
10,17,+-0--+--0
10,17,+0+-+-0-0
10,17,+-++-00+0
10,17,+--0-000-
10,17,0-00+--+0
10,17,++00-+-0-
10,18,0+-++--00
10,18,0+-+--00-
10,18,00--++0--
10,18,0+0--+0+-
10,19,+++0+-0-0
10,19,+0-0--+-0
10,19,+--0+--+0
10,19,0+-+-00+-
10,19,0++0--+-0
10,20,0+0+-+-0-
10,20,0++++0-0-
10,20,+0--++--0
10,20,+-0---0+0
10,21,0++-++0+-
10,21,+++--000-
10,21,+-----0+0
10,21,0+0+-0---
10,22,0-0-++0+-
10,24,0++--++0-
10,28,+0+0+-+-0
10,31,0+00+-0-0
11,4,0++-++--0
11,4,0++--+--0
11,4,0--++-++0
11,5,+0-0+-00-
11,5,+00+-0+0-
11,6,+++0+--00
11,6,00+-+00+-
11,6,+0---00+0
11,6,0-00+++0-
11,7,00+0+0+-0
11,7,0-++++--0
11,7,00+-+000-
11,7,0-++--+-0
11,8,0-00+0+0-
11,8,0-0-+0-+-
11,8,0+-0-0-00
11,8,+000-+-00
11,8,00-+-0-00
11,8,00+0+-+00
11,8,+-00-+-00
11,10,0++-+--+0
11,11,++0--00--
11,11,0+-0-+-00
11,11,+-0+-000-
11,11,00-+-0-+0
11,11,0-+0+-+00
11,11,00+-+0+-0
11,12,0-0-+--+-
11,12,0-0+++0--
11,13,+--0+0--0
11,13,0-0+-+0+-
11,14,+-0-++0-0
11,14,+++----+0
11,14,+0---0-00
11,14,+0+---+00
11,16,+++-+--+0
11,16,+0-0+-0+-
11,16,+000++0--
11,16,0-0-++++-
11,16,++00++0+-
11,17,0++0+-0-0
11,18,+0+0++0+-
11,18,0++----00
11,18,0-0+++++-
11,19,0---+-0+-
11,19,0+0-++0--
11,19,0-+0+-000
11,19,+00+-+0+0
11,20,0++++--00
11,20,000+-0--0
11,20,000-+0+-0
11,20,+-0--+000
11,22,++---0-+0
11,22,++0--+0-0
11,22,+--+-+-00
11,24,+000++---
11,25,+-0--000-
11,25,+0+----00
11,27,+000++0+-
12,6,0-+++0--0
12,6,00-+-++-0
12,6,+00--000-
12,6,0+--+-+00
12,6,+-+0++--0
12,6,0++0---+0
12,7,0+--++--0
12,7,+000-0+-0
12,7,+0----0-0
12,8,+0-+-++-0
12,8,00-+--++0
12,8,+0-0-00-0
12,8,0-0-+0-0-
12,10,0+---0000
12,10,0++-+0-0-
12,10,+0-+-0+-0
12,10,++-0-0-00
12,12,00+0+-+0-
12,12,0--+-+-+0
12,12,000+--++0
12,13,0+00+---0
12,14,++00+-0--
12,14,00-+----0
12,14,+-+-+00+-
12,15,+-0-+-++-
12,15,+-0-+-0+0
12,15,00-+-0000
12,15,00--+--00
12,15,0000+-+00
12,16,0+0-+0--0
12,16,++0+--00-
12,16,0+-+++0--
12,16,0--0+0--0
12,16,0-0-+++--
12,16,+-00+--00
12,16,0-++++-0-
12,17,++00--00-
12,17,0+0+-+++-
12,17,++--++0-0
12,17,0+-0-00+-
12,17,+0+--+0+-
12,17,0-+-+0+--
12,17,000+-0-+0
12,18,00+++-++0
12,18,0+-0-+000
12,18,00+0+-0+0
12,18,++00++0--
12,18,+----+0+0
12,18,00+-++0+-
12,19,0-00++++-
12,19,+-00---+-
12,19,++-0+0--0
12,19,+++-+-0-0
12,19,+----00+0
12,20,+----+000
12,20,+00+++0+-
12,21,+-0--0+--
12,21,0+-0-0-0-
12,22,0-+0++0+-
12,22,0-+0+-0--
12,22,+0-+-+000
12,23,++-+-+--0
12,26,+--+-+000
12,28,0-+0++0--
13,6,00++-0+--
13,6,+000++00-
13,6,0+0-+0+--
13,6,+000+00--
13,6,00++-0++-
13,6,+0+0--0+-
13,6,+000+-00-
13,6,+-+0-000-
13,7,0+++-0--0
13,7,+00+-+++0
13,7,000++0-0-
13,7,+-00-+0-0
13,7,++-+-0+00
13,7,0++0+0-0-
13,7,+00-++--0
13,8,0++++0--0
13,8,00+0+-++0
13,8,0--+-0-00
13,8,+-00--00-
13,8,00+0+----
13,8,+0++++--0
13,9,0+-+-+++0
13,9,+00-+-++0
13,9,0+0--0++-
13,9,+0++---00
13,9,00+++000-
13,9,+-00+-000
13,9,00--+0---
13,10,+00+-++-0
13,10,0--0+0-0-
13,10,0++0--0+0
13,10,+0++-+++0
13,10,0---++---
13,11,0-0++0--0
13,11,00-0+-0-0
13,11,+--++++-0
13,11,+0+0+00+-
13,11,0+---+---
13,12,0-+-+-000
13,12,+-+++-0-0
13,12,++00++-0-
13,12,0--++++0-
13,12,0-+-+++-0
13,12,0--0+-000
13,12,00++-++00
13,13,+000+-0-0
13,13,+-++--0-0
13,13,00--+000-
13,13,0++--0-+0
13,13,00-+++-0-
13,13,++00-0-00
13,13,+0++-0+-0
13,13,+-+-++00-
13,14,+--0-+000
13,14,+000-+0+0
13,14,+0+---0+0
13,14,++-0-+-+0
13,14,0++--+-+-
13,15,00++--+00
13,15,000+-+-0-
13,15,00++-+++-
13,15,0-0++--0-
13,15,0+0+--+-0
13,15,0-+-+-0+0
13,15,00-+++0-0
13,15,+0+-+-000
13,15,000-++0+-
13,15,+000+--+-
13,16,+-0++++--
13,16,+-+-++0-0
13,16,+++0-+0+-
13,16,+000+-0+-
13,16,+-+--+-+0
13,16,0++-+++-0
13,16,0++0+-000
13,16,+000-00+0
13,16,+00+--++0
13,16,0+0-+00--
13,16,+-+0-+--0
13,17,++--+--00
13,17,0+0-+--00
13,17,0+-0-+0+0
13,17,+-+--+0-0
13,17,0-0++-0+-
13,17,+0+0+-0-0
13,17,++00+----
13,17,0-0-+--00
13,17,0-+++0-+-
13,17,+0-+-+--0
13,17,000-+-+-0
13,17,0+0-++0+-
13,17,+----+0-0
13,18,0--0+0+-0
13,18,++-0--0-0
13,18,0+0--+++-
13,18,+00++00--
13,18,+00-+++--
13,18,0-0+---00
13,18,+-0+-+0+-
13,19,+--+-00+-
13,19,0---+-000
13,19,0---+00-0
13,19,0--0++0+-
13,19,0---++0+-
13,19,0-+0++++-
13,19,+++0-+00-
13,19,0+00---+0
13,19,+0+++-0-0
13,19,+-+--0-+0
13,19,000+-0-+-
13,19,+++-+00-0
13,19,000-+00+-
13,19,++0+-0-+0
13,20,+-0--+0-0
13,20,0++-+-0--
13,20,0-0-+000-
13,20,+0-0++0--
13,20,0+00-+++0
13,20,00+0+-+--
13,20,0-0+-0-00
13,20,+++--+0+0
13,20,+-0+-+++0
13,21,0--0+---0
13,21,++0--000-
13,21,0+0+-0+-0
13,23,++0+--+-0
13,23,+----+-+0
13,23,0+--++0+-
13,24,+00+--0+0
13,33,00+-++-+-
13,35,0-+-++++-
14,4,0--+--++0
14,4,+0-0-00--
14,4,+0+++000-
14,5,+000+0---
14,6,+0--+-00-
14,6,0+-0--+0-
14,6,00++-0---
14,6,+000+00+-
14,6,0++0-++0-
14,6,+000-0-+-
14,6,+000-++--
14,6,+000+0-+-
14,6,++00--+00
14,6,0++0-0-0-
14,6,+0-0+00+-
14,6,+-00+0-0-
14,6,+-+0+000-
14,6,+-00-000-
14,7,0+--+-++0
14,7,+--0+-+00
14,7,0++0+-++0
14,7,+00-+-+-0
14,7,+0++-000-
14,7,0+++---+0
14,7,+-+0-+0+0
14,7,+0-+-0-+0
14,7,+0-0--0+0
14,7,00+-+0+0-
14,7,0-+++0-0-
14,7,0-++-++-0
14,7,+-00----0
14,7,000-+0---
14,7,0+0++++0-
14,8,0++-+0--0
14,8,00-++0+--
14,8,00+++0-0-
14,8,+00--+++0
14,8,0--++-+00
14,8,00+0+++-0
14,8,++-0+-++0
14,8,0--++0+--
14,8,00-+--+-0
14,9,+0++-00+0
14,9,00-0+0+--
14,9,0-+-+---0
14,9,+-0++00+-
14,9,+-+0-+000
14,9,0--+-0+--
14,9,+00--00--
14,9,+0-+++0-0
14,9,00-++0--0
14,9,0+++-000-
14,10,+0--+-000
14,10,0--0++00-
14,10,0-0++---0
14,10,+00--0-0-
14,10,00++-00-0
14,11,0--++---0
14,11,+-0--+++-
14,11,0++0--++0
14,11,00+++++-0
14,11,+-+0-0--0
14,11,0-+++-+-0
14,11,00++-----
14,12,+0-++---0
14,12,+---+-000
14,12,0--+-0+0-
14,12,+-0--0+0-
14,12,0-++-+-00
14,12,0-0+-0---
14,12,+0+0--+-0
14,12,0000+--00
14,12,00+++++--
14,13,+++-+00--
14,13,0+--++++-
14,13,0+-+----0
14,13,++0--+-+0
14,13,00-0+++-0
14,13,+++--00--
14,13,0-++-+-+0
14,13,0+-++-0-0
14,13,+-0+--00-
14,13,++-0--00-
14,14,0+++-++-0
14,14,++-++0+-0
14,14,+-0----00
14,14,00++++0+-
14,14,0+0+-++--
14,14,++-+++0--
14,14,0--++-+-0
14,14,0-+-++---
14,14,0+0---+-0
14,14,+-0--00+-
14,14,+-----0+-
14,14,0+++--00-
14,14,+00--+-+-
14,14,0-0-++-0-
14,14,++0++--+-
14,14,+0++--0+-
14,14,++0+-0-0-
14,14,+-0+--+0-
14,14,+---+-++0
14,14,+-+-+00--
14,15,+-00+0+-0
14,15,0-0+-+-0-
14,15,+0---+000
14,15,0-00+-++0
14,15,+-+-+0--0
14,15,++0-+--00
14,15,+-0++-+0-
14,15,+0+-+---0
14,15,+-0----+0
14,15,0+-0--+--
14,15,+++0--+00
14,15,+++-++0-0
14,15,0+00----0
14,16,0++0-0++0
14,16,0--+-+---
14,16,+0-++--00
14,16,+0+-+--00
14,16,+++-+-++0
14,16,0---+-+--
14,16,+00++0-+-
14,16,0+++--+0-
14,16,+-00---+0
14,16,+-00++0-0
14,16,+--+-0-+0
14,16,0+-0+--0-
14,16,+--0--+-0
14,16,0-0+-+--0
14,16,0+++++-0-
14,16,+-0+-+00-
14,16,+++-+++-0
14,16,+00++0+--
14,16,+-00+0--0
14,16,++----0+-
14,16,+00++-0--
14,17,+0++--+00
14,17,0--+-00-0
14,17,+-0---++0
14,17,+-+-+--00
14,17,00++-+-00
14,17,+-0+-++00
14,17,0-+-+-+0-
14,17,0+0-++-+-
14,17,000-+0++-
14,17,+-+++-000
14,17,0--+---00
14,17,+-0--00+0
14,17,0-++--0-0
14,17,+----++00
14,17,00++-+0+0
14,17,000-+-+--
14,18,+00++--0-
14,18,0--+-+0+-
14,18,++00--++-
14,18,000+-0---
14,18,+-0--00--
14,18,00-++-+--
14,18,000+-+++-
14,18,+000-+---
14,18,+-0+-+-+0
14,18,++0+-+0-0
14,18,+-0--0-+-
14,19,0+-+--+0-
14,19,++0+-+00-
14,19,+----+++0
14,19,00--+0++-
14,19,0-0++++-0
14,19,0+0++---0
14,19,0+00-+0--
14,19,00+0+0+0-
14,19,0-+++-0+0
14,19,0-0++-00-
14,19,00+++-+--
14,19,+-0+-++0-
14,19,0+00-+000
14,20,+----000-
14,20,0+---+0--
14,20,0-00+000-
14,20,0+-+-0--0
14,20,0-+0++00-
14,20,+-0--+0+0
14,20,+-+-+00-0
14,20,+-0++-++0
14,20,+000-+000
14,20,+-00+-+0-
14,20,0+-+-+0-0
14,21,+-0--+++0
14,21,0--+--0+-
14,21,++-+-00+0
14,21,+-+--+0+0
14,21,+-0--0-0-
14,21,+-0++-+-0
14,21,+0+---+-0
14,21,0+-+--0+-
14,22,0-+0++-+-
14,22,0+-0--00-
14,22,+-+--000-
14,22,+-0--++00
14,22,+-0-+0-0-
14,22,0+00-0+0-
14,23,0-0+++-+-
14,24,++-+-0--0
14,25,0+-0-+-+-
14,26,0+0+--000
15,6,+-00+-++0
15,6,+++0-+-+0
15,6,+0+0-+0--
15,6,+-00+0+0-
15,6,+0-++0--0
15,6,0+00-+-0-
15,6,+-00+-+00
15,6,++-0+--00
15,6,+0+-++0-0
15,6,0++0-0+0-
15,6,0++0-+--0
15,6,0--+-0--0
15,6,+0-+-+++0
15,7,0+-0++--0
15,7,0+-++--+0
15,7,+0+-++--0
15,7,0-0+--+-0
15,7,0+-0+000-
15,7,+00++00-0
15,7,++00+-000
15,7,+0+0--0-0
15,7,00-++-+-0
15,7,+000--+00
15,7,0--+++--0
15,7,0++---0-0
15,7,+000+--+0
15,7,00+++00+-
15,7,0+-++++-0
15,7,+0-0-0-+0
15,7,0-+++++-0
15,7,+0+0--000
15,7,0++-+-++0
15,7,0+-0-0+0-
15,7,0-++-000-
15,7,+0+0++0-0
15,7,0+00--00-
15,7,000+-00--
15,7,0+0++0-0-
15,7,0+----+-0
15,7,0+-----+0
15,8,0--+-0++-
15,8,0+00+0+0-
15,8,+0+0+0--0
15,8,+000+-0+0
15,8,0--+-+-0-
15,8,0-0-+0---
15,8,0-0-+0+0-
15,8,0---++00-
15,8,0+---0-+0
15,8,0+---0-00
15,8,0+-0+0+0-
15,8,+000---00
15,8,+00++00+-
15,8,+000++0-0
15,8,+0+0-+000
15,8,+00---0+0
15,8,0++0-000-
15,8,+++0-+0+0
15,8,++00-+000
15,9,++00+--+0
15,9,0++0-+-+0
15,9,+-+0++0-0
15,9,0+0--0-+-
15,9,++00++00-
15,9,0+++-+-+0
15,9,0++--0++0
15,9,0-++-++00
15,10,+00--0++-
15,10,0-++-+--0
15,10,++00-0+00
15,10,0--+-++0-
15,10,+00+-+-0-
15,10,0+00-++00
15,10,0+--+-00-
15,10,+0+0-+--0
15,10,0---+--0-
15,10,0+----0-0
15,10,+0-0-+000
15,10,0-+-++-+-
15,10,0--0+--0-
15,10,+0+0-+0+0
15,10,00--+-+00
15,10,00+++0---
15,10,00-++00-0
15,10,000+-++-0
15,10,0--+-+-00
15,10,00-+-++00
15,11,+0+++-0+0
15,11,0+00++++-
15,11,0+--+-000
15,11,0+00-0+00
15,11,0-++---00
15,11,00+++--+0
15,11,0---++-+-
15,11,0+0+-0+00
15,11,0++-+-+-0
15,11,0--++0--0
15,11,00++++--0
15,11,0+++-0000
15,11,0--+++0+-
15,11,0000+---0
15,12,+++0++0-0
15,12,0+++-0+--
15,12,0-0++++0-
15,12,00+0+---0
15,12,0+0++-+-0
15,12,000+-0++0
15,12,0+-0-0++-
15,12,+---+-+-0
15,12,0--0+--00
15,12,0+00+--+0
15,12,++0--+-0-
15,12,++-----00
15,12,+-0+-+0-0
15,12,+---+++-0
15,12,+------00
15,12,000+-+++0
15,13,+000+-0--
15,13,0++0-+0-0
15,13,+--++-0+-
15,13,++0+-000-
15,13,0--++00-0
15,13,0++0-++--
15,13,0+00-0-+-
15,13,+-0-+0---
15,13,+-0---+--
15,13,0+00++-+-
15,13,+0-++-0--
15,13,0000++-+-
15,13,+-00++0+-
15,13,00+0++0--
15,13,+-00+0++-
15,13,0+-----+-
15,13,+0-+-00+-
15,14,++0---+0-
15,14,+0+++-0--
15,14,++0--0-00
15,14,+----0--0
15,14,00+0+-0--
15,14,+++--+-+0
15,14,+--+---+0
15,14,+--0-+0+0
15,14,0+-++---0
15,14,0-0-++-+-
15,14,0+00-+++-
15,14,+00+-+0-0
15,14,+--0---+0
15,14,0-+-+++0-
15,14,0+0--++0-
15,14,0--+-+++-
15,14,+--++--00
15,14,+-++---+0
15,14,0+-0-+-0-
15,14,+00++-++0
15,14,+++0--0+0
15,14,00--++0+-
15,14,+-0+---0-
15,14,0000+-++-
15,14,+-0---00-
15,14,00--+++0-
15,14,+-+0+-000
15,15,0++-+-0-0
15,15,0++-+00-0
15,15,0-0+-+-+0
15,15,0+0--00+-
15,15,+++--00+-
15,15,0+-0+0+--
15,15,0+0+-+-+0
15,15,00-+--0+0
15,15,00-+---00
15,15,+--0-+0+-
15,15,+-00-++00
15,15,0000+++0-
15,15,+0-0+-+-0
15,15,+0+--+0+0
15,15,00++++++-
15,15,+0-+++0+-
15,15,++0---0+0
15,15,+-0-+++-0
15,15,+-+---0--
15,15,++00-++-0
15,15,+00+---+-
15,15,++0---+-0
15,15,0--++-000
15,15,+++++--00
15,15,+-+++++-0
15,15,0+0+--00-
15,15,+00++-0+-
15,15,++0+-0+0-
15,15,00-+-+++-
15,15,+-00+-++-
15,15,++0+-00+-
15,15,0---++--0
15,15,0+-0+-++0
15,15,+-00-----
15,15,0++++--0-
15,15,+-+0-+0-0
15,15,0+0-+-0+-
15,16,0++0-0-+-
15,16,++-+--+00
15,16,0-++-+---
15,16,0+-0-+0--
15,16,++-0+---0
15,16,++0+-0-+-
15,16,0+++--+-0
15,16,0-+-+0-+-
15,16,0+-0-0--0
15,16,+--+-0--0
15,16,0++0++++-
15,16,+-++--00-
15,16,++-+-0-+0
15,16,0+0++0-+-
15,16,0+-0---+-
15,16,00-+-+00-
15,16,+---++0+-
15,16,0+0-+-+-0
15,16,0++--00+-
15,16,+-+++-0+0
15,16,++0+-0-00
15,16,0++0+-++-
15,16,+-+0+00-0
15,16,+-0-+---0
15,16,+-+--+0+-
15,16,++++-00--
15,16,+-0-++--0
15,16,00+++-0--
15,16,+00-+0---
15,16,+++0+-+00
15,16,0+---00+-
15,16,0-+0+-0+0
15,16,00++--000
15,16,0++-+++0-
15,16,0--+-0+-0
15,16,000++---0
15,17,00++-++--
15,17,+---++--0
15,17,+-0----0-
15,17,00-+--0-0
15,17,0-+++0+-0
15,17,+00--+0+0
15,17,0+---+000
15,17,+0+-++00-
15,17,0---+0+0-
15,17,0++0+----
15,17,+00-+-0+0
15,17,+-0-++-+-
15,17,++0--++-0
15,17,0++-+---0
15,17,000-+++-0
15,17,00-+-0-0-
15,17,0+-++0+--
15,17,++++-000-
15,17,0-0++0---
15,17,+-0-++-0-
15,17,+00++0+-0
15,17,000+-0++-
15,17,+----0-+0
15,17,+-+--+++0
15,17,0+-+-----
15,18,0+---+--0
15,18,0++0-+0+-
15,18,++-0++0--
15,18,+-+++0+-0
15,18,+--0---00
15,18,00+0+00-0
15,18,++0-+++-0
15,18,0+0+--+00
15,18,+00-+-+00
15,18,0-+0+00--
15,18,0+00-0+--
15,18,0+-++0++-
15,18,++00+--+-
15,18,+000-++00
15,18,++0-++0-0
15,18,+-+0-+-+0
15,18,0+-++--0-
15,18,+0+-----0
15,18,0+-+---00
15,18,+-+0-0000
15,18,+--+-+0-0
15,18,++0+--0+0
15,18,0-++++0+-
15,18,00-+---+-
15,18,0+-+++0-0
15,18,+--++00-0
15,18,+-+--00+0
15,19,+0+0+00-0
15,19,+++-+000-
15,19,0---+0-+-
15,19,0+0++--+-
15,19,+-0-+0+0-
15,19,+0+-+0+-0
15,19,++00+-+0-
15,19,00++--0+-
15,19,0+0+---+-
15,19,0+-0-+++-
15,19,0-++--0+-
15,19,0+-+-00--
15,19,0+0-+-00-
15,19,+--0+-00-
15,19,00++-+0--
15,19,0+0-++---
15,19,0+--++0--
15,19,+++0-+0-0
15,19,+0--+-0-0
15,20,0-00+-+-0
15,20,000-+++0-
15,20,0++---+0-
15,20,++0-+--0-
15,20,0-00++0+-
15,20,+00++--00
15,20,+-+0+--00
15,20,+-0++-0+0
15,20,0-+-+-0+-
15,21,0-0-+0--0
15,21,0-00++-+-
15,21,++00---+-
15,21,++-0+00--
15,21,+-0--+-+-
15,21,0+0+-+0--
15,21,00+-++++-
15,21,00+++----
15,21,0+-+---0-
15,21,0--++-0+-
15,22,+0+-+-0+-
15,22,00+-+-+--
15,22,00++-+0+-
15,22,0++0-++-0
15,22,++++-0--0
15,22,+-+---00-
15,22,0+00-+--0
15,23,++-+---00
15,23,0-+-+-0--
15,23,+-+---0+0
15,23,+-0+--++0
15,24,+++--+0-0
15,30,0--0++++-
15,32,++---0--0
16,4,+000---0-
16,5,0+----++0
16,6,+00++0-0-
16,6,0++0+00+-
16,6,+00+-++0-
16,6,++00-000-
16,6,000++++0-
16,6,+0--+-++0
16,6,00++-+00-
16,6,+000-0+0-
16,6,+0+0-000-
16,6,0++--000-
16,6,+000++-0-
16,6,++0-++00-
16,6,+000-+-0-
16,6,0+00+000-
16,6,0+0+---00
16,6,+-00-0+0-
16,6,+000-00-0
16,6,0++--0--0
16,6,0---+-+0-
16,6,000++000-
16,6,0++0--+0-
16,6,0++---++0
16,6,+-00-0--0
16,6,+000--000
16,7,+--0+-++0
16,7,0+--+--+0
16,7,0+-++-0+0
16,7,0--+--+00
16,7,0+-+++--0
16,7,+0-0-0--0
16,7,+0+0-+-00
16,7,0+--+-+-0
16,7,0++++--+0
16,7,+000--+-0
16,7,000-+0-0-
16,7,0+-++000-
16,7,0--++--+0
16,7,0-++--+00
16,7,0++--++-0
16,7,+0-0-+--0
16,7,00+-+0-0-
16,7,0+00+++0-
16,7,0++++000-
16,7,00-++0+0-
16,7,0+0+++--0
16,7,+0+0---+0
16,7,0+0++0+0-
16,7,0-0++0+0-
16,7,0++----+0
16,7,0--+-+--0
16,7,+0----000
16,7,0++---+-0
16,7,+000-0--0
16,8,0++--+00-
16,8,+0+0+000-
16,8,+000-+0--
16,8,+000-0-0-
16,8,0+-0-+0-0
16,8,++0-+000-
16,8,+000-0++0
16,8,0--0+000-
16,8,+0++-0--0
16,8,+00-+0-0-
16,8,++-0+-+00
16,8,+00--0-+-
16,8,0--+-0-0-
16,8,0-0+-000-
16,8,+0+0+-++0
16,8,++-0--++0
16,8,+-0++000-
16,8,00+++++0-
16,8,+0+--000-
16,8,+++0+00+-
16,8,+000--0+-
16,8,+000+0--0
16,8,+000++--0
16,8,0-0+++00-
16,8,0+---0-+-
16,8,0-0+-0+0-
16,8,0++0++--0
16,8,+000-00+-
16,8,0++---00-
16,9,+00--0+0-
16,9,+0--++00-
16,9,0---+-+-0
16,9,00-+---+0
16,9,0---+-+00
16,9,0+--++---
16,9,+000+---0
16,9,++0--++--
16,9,00+0+-00-
16,9,+00-+--+0
16,9,+00+++--0
16,9,0-+0+-+-0
16,10,0---+--+-
16,10,00--+00-0
16,10,0---++++-
16,10,0+00--+00
16,10,+0+0-++00
16,10,0+++--0+0
16,10,+00+-+-00
16,10,00+-+-00-
16,10,++0+-++--
16,10,+-++-+++0
16,10,0+0+-++-0
16,10,++-0-00+0
16,10,+0+0-0-00
16,10,0-+0+0-0-
16,10,+0+-+-00-
16,10,0+0++++-0
16,10,00--+0+0-
16,10,+-+--00-0
16,10,0-+0+0--0
16,10,+000-++0-
16,11,+--0-00+-
16,11,++-0++0-0
16,11,0-0++-++0
16,11,++--+0+-0
16,11,+00++++0-
16,11,0000+++--
16,11,+-00-0-0-
16,11,0--++0---
16,11,0-+++-00-
16,11,0+00---00
16,11,++++--0+-
16,11,+-+++-0+-
16,11,00-+-+-0-
16,11,+--0--0+0
16,12,0-+-+0++-
16,12,0-++-00-0
16,12,000-+0--0
16,12,+-+0+-0+0
16,12,00++-0+-0
16,12,0-00+0-0-
16,12,00--+0--0
16,12,+0-0+-++0
16,12,0-++++-+-
16,12,0-+-++0--
16,12,++00-+++-
16,12,0+-0+--00
16,12,0-0+-+00-
16,12,+00-+++-0
16,12,+-0-++---
16,12,+++-++0+-
16,12,0-0++-+-0
16,13,0---+++-0
16,13,0+++--0-0
16,13,+-+-+-++0
16,13,0++++-+-0
16,13,0--+-+-+-
16,13,+----+0+-
16,13,0+-+---+-
16,13,00--+-0+-
16,13,+00+-+++-
16,13,+-+++-+-0
16,13,+0+--00+0
16,13,0+---+0+-
16,13,0-++-+-+-
16,13,00+++---0
16,13,+0+-+-+00
16,13,0--+++00-
16,13,0+-+-00+0
16,13,000+-00+0
16,13,00-0++--0
16,13,00-+++0+-
16,14,0-00++--0
16,14,0+0-+----
16,14,0--0++-+-
16,14,+----00-0
16,14,00+-++0-0
16,14,0-0+++-0-
16,14,+-0-+0++-
16,14,++0--++0-
16,14,+-0+++++-
16,14,0++-+++--
16,14,+-0-+-+-0
16,14,0+----++-
16,14,+0++-+0+-
16,14,0++---++-
16,14,++----+00
16,14,++++-+0-0
16,14,00-++++--
16,14,+++--+++0
16,15,0+---0++-
16,15,0-+0+00+-
16,15,+++0+-0--
16,15,0+--+---0
16,15,0+---0+00
16,15,0++--+-00
16,15,+-0+++00-
16,15,+++0+-++0
16,15,0+-+-+++-
16,15,+----+00-
16,15,0-00++00-
16,15,++-0--+-0
16,15,0-0+-+++-
16,15,0++----0-
16,15,+-0++---0
16,15,+-00+-+--
16,15,0++0+0+-0
16,15,00+++-0+-
16,15,0+-+-++--
16,15,+0++-00+-
16,15,+-+0+-+00
16,15,+--0-++00
16,15,00-+-0-+-
16,15,++---00-0
16,15,++-0--000
16,15,++00++++-
16,15,0+00+-+--
16,15,+000+++--
16,15,0+0---+00
16,15,0++++-+0-
16,15,+0+---++0
16,15,000++++-0
16,16,+--0-+0-0
16,16,0-+0+0++-
16,16,+++0+0+-0
16,16,0+00---+-
16,16,0++0-+00-
16,16,00++--+0-
16,16,++-+-00-0
16,16,0-+++++0-
16,16,+--0-+--0
16,16,+0---+++0
16,16,+-++-0-+0
16,16,0+---++00
16,16,+-+0--0+0
16,16,00+++-0+0
16,16,+-00+-0-0
16,16,+++---0+-
16,16,+-+0+-+-0
16,16,+0+----+0
16,16,++---0++0
16,16,00-+-0---
16,16,++0+--++0
16,16,00++-+-+-
16,16,0++-+0++-
16,16,+0--+00-0
16,16,000++0+--
16,16,+---++00-
16,16,+0--++0+-
16,16,0+00+-++0
16,16,+0+++-00-
16,16,0-+++0+--
16,16,0--++-00-
16,16,+0----0--
16,16,+-00--0+0
16,16,0--++0-0-
16,16,+++-+0+-0
16,16,0-00++---
16,16,0+0--+-00
16,16,++0+-0---
16,16,00-+-0--0
16,16,000+-+-+0
16,16,0--+++++-
16,16,+-0++0-+-
16,17,++0--0-+-
16,17,+-+-+-00-
16,17,++00++--0
16,17,0++--00--
16,17,+0+++00+-
16,17,+-0+-+0+0
16,17,0+-0-0-+-
16,17,0++0++0-0
16,17,0+-+-+0--
16,17,0++--0+00
16,17,0-+-++0+-
16,17,0-0+-+-00
16,17,+-+++00--
16,17,0+00-0+-0
16,17,0-0+---+0
16,17,0+-0---+0
16,17,++-0-+0--
16,17,+--+-0-00
16,17,+00--+-0-
16,17,++-+--0+-
16,17,00+++0--0
16,17,+---+00--
16,17,+++0--0-0
16,17,0+-0-+---
16,17,+00+-+-+-
16,17,++-++++-0
16,17,0--++-0--
16,17,+-00++---
16,17,+0-+++0--
16,17,0-00+-000
16,17,0+0+-0-0-
16,17,++++--+-0
16,18,00++-+-0-
16,18,++0-+-0-0
16,18,+---+-00-
16,18,+-++-0--0
16,18,00-++-0+0
16,18,0++0---+-
16,18,0++0+--+-
16,18,0+----0+0
16,18,+0+0-+0+-
16,18,0+0+-+-+-
16,18,00+++--0-
16,18,+-+0--0-0
16,18,++0--+-+-
16,18,0-0-++0--
16,18,+-++---00
16,18,++0+---+0
16,18,0-+++0++-
16,18,0+0--0-+0
16,18,+0+-+-0+0
16,18,+00--++00
16,18,+0------0
16,18,0+0-+++--
16,18,+0---0000
16,18,+-0-+0+-0
16,18,+0+-+-+-0
16,18,0+00+++-0
16,18,00+++0+-0
16,18,+-+0-+0+-
16,18,+0-+-00-0
16,18,0-0-+0++-
16,18,+-+-+-0-0
16,18,+00---+-0
16,18,00++-000-
16,18,+00---++0
16,18,0+0--+---
16,18,+-00-0++-
16,18,0++++++0-
16,19,0+0++-+0-
16,19,0-0+--++-
16,19,0++0-00+-
16,19,+00-+++0-
16,19,+0+++--+0
16,19,+0++-+0--
16,19,00-+---0-
16,19,0+0+-+---
16,19,++0--+0+0
16,19,0-0-+-0+-
16,19,++-+--00-
16,19,0+0++0+--
16,19,+0++-+0-0
16,19,+--++00--
16,19,+000+-+-0
16,19,+-++--0+0
16,19,+00++-+--
16,19,+-0---+0-
16,19,++++---00
16,19,++++---+0
16,19,000++-+-0
16,19,0-+0++--0
16,19,+-00+-0--
16,19,00++-+0-0
16,19,0++++0++-
16,19,+--+-0000
16,20,+-++-000-
16,20,+-00++--0
16,20,0-+-+00-0
16,20,++0--0-0-
16,20,+00++---0
16,20,+0+--+-+0
16,20,0+00--+0-
16,20,0-0+--0+-
16,20,00-+-0+-0
16,20,0-0++--+-
16,20,0+-0+-0-0
16,20,+++--00+0
16,20,0--0+0---
16,20,00--+---0
16,20,0-+0+0+-0
16,20,+000++++-
16,20,0-0+++0+-
16,20,0+0+--0+-
16,20,+0++--00-
16,20,++-0+-+-0
16,20,0-00++-0-
16,21,0-0+--+00
16,21,0++--0+--
16,21,0+0--+0--
16,21,00+0+0+--
16,21,+-+-++0+-
16,21,0+00--++0
16,21,+00+----0
16,21,0+++--000
16,21,+++0+-0+0
16,21,++0-+-0--
16,22,+00--+-+0
16,22,0+0++----
16,22,++00-+-+-
16,23,0++0+-+--
16,23,0+0+-++0-
16,26,+-+--+-00
16,27,0+0++-+--
16,28,0+0+-00-0
16,28,0+-+-0-0-
16,28,0-++--0--
16,29,0++++-0--
16,29,0++0+++--
17,4,++00+0-0-
17,4,++00+0+0-
17,4,+000--+0-
17,4,+0+0-00--
17,6,+00--++0-
17,6,+0+0-00+-
17,6,+000-0---
17,6,00-+-00+-
17,6,0-+-+0---
17,6,++--+000-
17,6,+0+-+000-
17,6,+00+--0+-
17,6,+0-0--00-
17,6,0+00-0++-
17,6,0--+-000-
17,6,+-00+0---
17,6,+-00+00--
17,6,+++0+000-
17,6,00-++00--
17,6,+000--++-
17,6,+00++0+0-
17,7,0--+-0000
17,7,0--+-++-0
17,7,0-0+-0++-
17,7,+0+++-++0
17,7,0++0-0-00
17,7,+0-0--000
17,7,0--+---0-
17,7,0++0+---0
17,7,+000-+--0
17,7,+000----0
17,7,0+0+-0-+-
17,7,0++++00+-
17,7,00-++--+0
17,7,0++--0-00
17,7,0--+-0+00
17,7,+0-0--0-0
17,7,0-00+--0-
17,7,0+0--0+0-
17,7,00+-+0+--
17,7,+0-0--+00
17,7,+000+-++0
17,7,+0---00-0
17,7,0-+++0+0-
17,7,+0-0---00
17,7,00-+-0++-
17,7,0--0+-00-
17,7,00-++000-
17,8,+--0+000-
17,8,+-+0++00-
17,8,+0+-+++-0
17,8,00-0+0+-0
17,8,++-0--+00
17,8,+0+0--00-
17,8,0-0+-0+--
17,8,000++0+0-
17,8,+-0++-00-
17,8,0+---0-0-
17,8,+0+--00-0
17,8,0+--+-+0-
17,8,0+-++0-0-
17,8,0--+-+00-
17,8,0---+-00-
17,8,++00-+0--
17,8,+0++-+--0
17,8,0-+0+++-0
17,8,+0-0+-0+0
17,8,0+00+0-0-
17,8,+000-+++0
17,8,+0+0+++-0
17,8,+0-+--0+0
17,8,+000-+-+0
17,8,+0-----00
17,8,+--0-+00-
17,9,0+00-+00-
17,9,+00--0++0
17,9,0+0---+0-
17,9,0000++--0
17,9,+000+-000
17,9,+0-0++00-
17,9,+00-+00+-
17,9,0000+--0-
17,9,+0+++0--0
17,9,00+-+-+-0
17,9,+00-+00-0
17,9,+--0++0-0
17,9,+++0---00
17,9,+00--00+-
17,9,0+0+-0+0-
17,9,000-+0-+-
17,9,+00+-0++0
17,9,00-0+00--
17,9,+++0-+000
17,9,0+++-+-00
17,9,000+-00+-
17,10,0++0-0-+0
17,10,+000-0+00
17,10,0-+++0---
17,10,+-00+0+--
17,10,+0++-0000
17,10,+-+---++0
17,10,0-+-+-00-
17,10,00-0+000-
17,10,0-+-+--0-
17,10,+0-0+0--0
17,10,+0--+0--0
17,10,+--0++00-
17,10,+0-0-+0+0
17,10,0-0+----0
17,10,0++++-0+0
17,10,00-++-++0
17,10,+-+--++-0
17,10,+0+0--+00
17,10,++-0-+++0
17,10,0-+0+-++0
17,11,0-+-++--0
17,11,0+--+--00
17,11,+-0-+----
17,11,+-++----0
17,11,0+-0-0---
17,11,++0++++0-
17,11,+0----00-
17,11,+-+-+++-0
17,11,00--+++--
17,11,++00+++-0
17,11,+-0+-0-00
17,11,0+00+-+00
17,11,+-0++--+-
17,11,+0----+00
17,11,0-0++0++-
17,11,+-0+---00
17,11,0-++----0
17,11,+0---000-
17,11,+-+---+-0
17,12,0+-++--+-
17,12,0---+--+0
17,12,+----++-0
17,12,+00+++0-0
17,12,0+--++0-0
17,12,0++0-+000
17,12,+-++-+0+-
17,12,0+0--++-0
17,12,+0+0++--0
17,12,++0--+++0
17,12,+0++++0--
17,12,++---+00-
17,12,0++--0-0-
17,12,0+0-+-+00
17,12,00++-0000
17,12,0++--+0+0
17,12,0-+-+-++0
17,13,+00-+-0--
17,13,+-0-+-++0
17,13,+--+-++-0
17,13,+-0-+--+-
17,13,+-0--0+00
17,13,0+-+++-+-
17,13,0+-+--0+0
17,13,00-++--00
17,13,++0+++-+-
17,13,0++0+++0-
17,13,00-++-0-0
17,13,+-+-+--+0
17,13,0-+-+--+0
17,13,+-+-+-+-0
17,13,0+--+-++-
17,13,+0+++-0+-
17,13,0+-+-+-+-
17,13,+-+--++00
17,13,++--+-0--
17,14,00-0+++0-
17,14,0++0-0+00
17,14,+--+-+++0
17,14,+++0+-000
17,14,+++0+---0
17,14,0+-+--++0
17,14,000++0+-0
17,14,0+-0+00-0
17,14,+-+++--+0
17,14,++---+++0
17,14,0++-+0---
17,14,++-+-+00-
17,14,++0-+-0+-
17,14,0---++0--
17,14,0+00+-+0-
17,14,++++----0
17,14,0---+++--
17,14,++00++---
17,14,+-0---+00
17,14,0-++++---
17,14,00++++0-0
17,14,+-+0-0+-0
17,14,0+-----0-
17,14,+0+0-++-0
17,14,++0-+0-+-
17,14,0+0--0+-0
17,14,0+0--0---
17,14,+00---++-
17,15,0+0++--+0
17,15,0-0-+-+-0
17,15,+--0+-+-0
17,15,++0--0+--
17,15,+0+++-+-0
17,15,00-+-+0--
17,15,++0+-+++0
17,15,0--++-+0-
17,15,00+0+-0+-
17,15,0-+-+-0-0
17,15,+-+++---0
17,15,+000+0++-
17,15,++00+++--
17,15,+++-+-+00
17,15,0000+++-0
17,15,+00+-0---
17,15,0+-0--++0
17,15,000-+-++0
17,15,0++++00-0
17,15,++-+++0+-
17,15,0+--+++0-
17,15,+0+0+-0+-
17,15,0---+-0--
17,15,+0-+-0000
17,15,+-+-+-0+0
17,15,++--+++-0
17,15,0+---++0-
17,15,+---+--+0
17,15,+00+---0-
17,15,0-+++-++0
17,15,+++0-+++0
17,15,+0-+--000
17,15,0+-0+0-+-
17,15,++00+--00
17,15,+--++-0-0
17,15,0+0-+0++-
17,15,+-++--0--
17,15,0+--+0--0
17,16,0+-0-0++0
17,16,++0+--+0-
17,16,+-+0-+0--
17,16,+++0+-00-
17,16,0--+--00-
17,16,0000+0+-0
17,16,++-0-00--
17,16,0+-0+0--0
17,16,++++--0-0
17,16,+0-+--0-0
17,16,00+0+++--
17,16,0+0----00
17,16,0+00--++-
17,16,+-00---0-
17,16,00++--00-
17,16,+000+-+--
17,16,+-00++-0-
17,16,++-+-+000
17,16,00-++0---
17,16,0++0-+++0
17,16,0---+0--0
17,16,00+0+++0-
17,16,0-+++00+-
17,16,++-0---+0
17,16,0-++-+++0
17,16,++0-+00-0
17,16,++-+-000-
17,16,000-+000-
17,16,00+++0++-
17,16,+00--0+00
17,16,+--+-+-+0
17,16,0-0-+00+-
17,16,+-+0-+++0
17,16,0+-0-++--
17,16,+0---+0-0
17,16,++0-+-+0-
17,16,++-+-00+-
17,16,+++++00+-
17,16,0+----00-
17,17,0-0++-0--
17,17,0++-+-0+0
17,17,0+-+--0-0
17,17,0+---+0-0
17,17,+-+0--0+-
17,17,0+0-++-0-
17,17,+--++0--0
17,17,0+++-+0--
17,17,++0-+---0
17,17,0+++-0++-
17,17,0+---0+--
17,17,+00-+0--0
17,17,0++-+0-+-
17,17,000++--00
17,17,+00+-0--0
17,17,0+-++----
17,17,0-0+--00-
17,17,0+----000
17,17,0-++---+-
17,17,0+++-0++0
17,17,0-0-+--+0
17,17,+-+-+-+00
17,17,+-+--00+-
17,17,00-0++00-
17,17,+0--+++-0
17,17,0---+++0-
17,17,+++0-0+-0
17,17,+00--0-+0
17,17,+0+---0-0
17,17,0+0-+0-+-
17,17,0+++--++0
17,17,+000+-++-
17,17,00--++++-
17,17,0+-+++-0-
17,17,+0--+-0--
17,17,0-0+--+0-
17,17,0++-+-+0-
17,17,0++-+-++-
17,17,0+-0-0000
17,17,++++-+0+0
17,18,0-0++00--
17,18,+0---++00
17,18,+-0-+0--0
17,18,0--0+-++0
17,18,0-0-+00--
17,18,+--0+00+-
17,18,0-0-++---
17,18,0--+-+000
17,18,+0+0+---0
17,18,00-+-++--
17,18,+00-++++-
17,18,+0-++-0+0
17,18,0+--+-+--
17,18,+-+++-+00
17,18,+-0++-000
17,18,+--0-0-+0
17,18,++00+-+--
17,18,+-+-+-000
17,18,0+0+-+--0
17,18,0+--+0++-
17,18,0++0-0+--
17,18,+00++-0-0
17,18,+--0----0
17,18,++-0---00
17,18,0+0--+++0
17,18,+-+0--000
17,18,0+-+--000
17,18,000++0-+-
17,18,00-0+--00
17,18,0000+0-+-
17,18,++--+-0-0
17,18,0--+-00+0
17,19,00++-+++0
17,19,0--++-0-0
17,19,++00+--0-
17,19,0-+0++0-0
17,19,++---+0--
17,19,++0---+--
17,19,+---+0--0
17,19,00++--++0
17,19,0++0+00--
17,19,++-0+--+0
17,19,++00---+0
17,19,+00+-0++-
17,19,0+0++-+00
17,19,+-+0-00+0
17,19,000++--+0
17,19,00++---0-
17,19,+0+-+-0--
17,19,+-00-+++-
17,19,++0+-+---
17,19,0-++-+0+0
17,19,+-0++-+--
17,19,+0+--+++0
17,19,0-0-+----
17,19,00-+--0+-
17,19,00++-++0-
17,19,++00-0+--
17,20,+00+--+-0
17,20,0-++--+0-
17,20,0+-0++00-
17,20,+00--+0-0
17,20,+0+--00--
17,20,0+-++-00-
17,20,++-0+0+-0
17,20,0---+--00
17,20,+00--0+-0
17,20,++00-+0+0
17,20,00+++-+0-
17,20,++0+-+--0
17,20,+-00-++0-
17,20,+-+0----0
17,20,++-0-00-0
17,20,0+0++0---
17,20,00-+-+0-0
17,20,00++-00+-
17,20,++++-+-00
17,20,00++-0--0
17,20,+0++-00--
17,20,000+--0+-
17,20,+00+---00
17,21,++-0+00-0
17,21,0+++-0-0-
17,21,0+-0-+00-
17,21,+0-0--0+-
17,21,0-++-0-+-
17,21,0+0+---0-
17,21,++0+--0+-
17,21,++-0++0+-
17,21,+---+--00
17,21,0++0-+++-
17,21,00-+-+-+-
17,21,0+-0--+00
17,21,+-0++00--
17,22,+0-++--+0
17,22,0+-0+-+-0
17,22,0+-++-0--
17,22,0-++-+0+-
17,23,++0+--+00
17,23,0+0--++--
17,23,++0+-0--0
17,23,000+---0-
17,24,000++-+--
17,24,00+++-++-
17,24,+0-0----0
17,25,++-+--000
17,25,++++-00-0
17,27,0+00+----
17,27,0-0+-00+0
17,29,000-++0-0
17,31,00-++-0--
17,33,0+0--+000
17,34,000-+-++-
18,4,+0-++000-
18,6,0++0+000-
18,6,+-0++0-0-
18,6,+000+0-0-
18,6,+0++-00-0
18,6,00+++-0-0
18,6,+000-0+--
18,6,+00-+--00
18,6,0+0--+-0-
18,6,+00+---+0
18,6,+--++000-
18,6,+0-0+000-
18,6,+0-0+-000
18,7,0++-+0+0-
18,7,+0+0-0--0
18,7,+0-0-+-00
18,7,00-0+-++0
18,7,+-+0+-0-0
18,7,0+0-+00+-
18,7,0+--+0+0-
18,7,+0-0---+0
18,7,0+-----00
18,7,00+++0+0-
18,8,00-0+-+--
18,8,0---+000-
18,8,00-0+0+0-
18,8,++-0+000-
18,8,0+-++-+00
18,8,00+0+--00
18,8,0--++--0-
18,8,++00-+--0
18,8,0+00++-0-
18,8,0+---+-0-
18,8,+00-+0++-
18,8,+0+0-+00-
18,8,+0-0-0+-0
18,8,++00-++00
18,8,0++0+0+0-
18,8,0-+-+000-
18,8,000-+00--
18,8,0+--+0---
18,8,+-+0+-++0
18,8,++-0+-0+0
18,9,+00--+0--
18,9,+0-+-0+00
18,9,0+00-000-
18,9,+0-0+-0-0
18,9,++-0-0000
18,9,0-+-+0--0
18,9,00-0+-+0-
18,9,0+-0-+--0
18,9,00+0+0---
18,9,0-0+-0+00
18,10,+0-0-++00
18,10,++---+-00
18,10,0+--+-0-0
18,10,++-0-+0+0
18,10,0+---+-00
18,10,0-00+--00
18,10,0+-0+-+0-
18,10,0-+0+000-
18,10,+0++-0++0
18,10,00+-+++-0
18,10,+0++-+-+0
18,10,++-0-00+-
18,10,0---+0+--
18,10,00-++++0-
18,10,++---++-0
18,11,+00++--+0
18,11,++--+00+-
18,11,0--+---+-
18,11,0+-++++--
18,11,0-00+0+--
18,11,++0-++++-
18,11,00++-++-0
18,11,+-++++0+-
18,11,0+--++-+-
18,11,0+-+---+0
18,11,+-+++-++0
18,11,+0-0+---0
18,11,0++++--+-
18,11,0--++++-0
18,11,0+-+-+--0
18,11,00-+-00-0
18,11,+-0----+-
18,12,0+0--0++0
18,12,00-0+00-0
18,12,0+---+00-
18,12,0+-+-0+00
18,12,0--0+++-0
18,12,+0+--+0-0
18,12,+-0+-+++-
18,12,0++0-++00
18,12,0+++-0+0-
18,12,0+-+++---
18,12,0+---++--
18,12,+--+-00--
18,12,0+++-0-00
18,12,+-0+++---
18,12,+++0-+--0
18,12,0+---+-+0
18,12,0+---0++0
18,13,0+-0+-+00
18,13,0+++-++00
18,13,+-0++----
18,13,+0-0++0+-
18,13,++0+-+-00
18,13,+++--+0--
18,13,00++-0-+-
18,13,+0+--0--0
18,13,00+++-00-
18,13,0+-+-+---
18,13,+00--++--
18,13,0--++0+-0
18,13,0+-+-+0+0
18,14,0+++-00-0
18,14,+-0--+---
18,14,++++-+-+0
18,14,+-0-+-+0-
18,14,0-+++-++-
18,14,0+-+-++0-
18,14,0+00-0-00
18,14,+000+----
18,14,++---+--0
18,14,+----00--
18,14,+--0--+00
18,14,0-+++-0+-
18,14,0-+-+-+00
18,14,0+-0-0+--
18,14,++0-++---
18,14,+---+0+-0
18,14,0-0+-++00
18,14,+++0--+-0
18,14,0-++-0++0
18,14,0-+0++---
18,14,+---+-0+0
18,14,+-+-++--0
18,15,0++0-0+-0
18,15,++-+--+-0
18,15,0++0+-00-
18,15,00+-+--00
18,15,++00-0-+-
18,15,+00----+0
18,15,++0--00+-
18,15,0++0---00
18,15,0-0-+-00-
18,15,+-+-++0--
18,15,0++0-+-+-
18,15,+00-++-0-
18,15,00+-+-0+0
18,15,0+-0---00
18,15,+-0-++0--
18,15,+-++-++00
18,15,+-++-00+-
18,15,++--+-000
18,15,0+0---00-
18,15,+0+0+-+00
18,15,+-+--00--
18,15,000++-+0-
18,15,++0-++-0-
18,15,0-++++00-
18,16,+0--+--00
18,16,00-++0+-0
18,16,0--++00+-
18,16,+0-+--0+-
18,16,0--++00--
18,16,++0-+0+-0
18,16,+0-0+-0--
18,16,0+++-0---
18,16,+-+0--+-0
18,16,++0+---0-
18,16,++---+-+0
18,16,+0-+---00
18,16,+-+0+-00-
18,16,0-0+--++0
18,16,+00--+++-
18,16,+-0-+++0-
18,16,++00-+0-0
18,16,0-0+-+-+-
18,16,++00+-0+-
18,16,0+++-+0+-
18,16,0+0+++-0-
18,16,0++0+-0+0
18,16,++00---0-
18,16,+-00-0-00
18,16,00--+++-0
18,16,+-0++-0--
18,16,0-0-+++-0
18,16,000-+-+0-
18,16,+00---0+-
18,17,++0-+-+00
18,17,++--+-+00
18,17,+-0++-+00
18,17,++0-+-+-0
18,17,+0--+-+00
18,17,+0---0+00
18,17,+0+0+0+-0
18,17,+0---+0--
18,17,00--+-0-0
18,17,+0----+-0
18,17,0--+---+0
18,17,+-+0-++-0
18,17,+---+00+-
18,17,0-+0+0-+-
18,17,0++0++-0-
18,17,+-++-+-00
18,17,+0---0+-0
18,17,00--+--0-
18,17,0++0+++-0
18,17,0-0-+--0-
18,17,++---+0-0
18,17,++-0-+0+-
18,17,0-+0+-++-
18,17,+-+0--++0
18,17,0+-0-+0+-
18,17,0--+-++00
18,17,0--+-0++0
18,17,0--0+++--
18,17,0+0+-0-+0
18,17,0++0-+0+0
18,17,++00-++--
18,17,0-00+++-0
18,18,0+---+0+0
18,18,+-0-+-+00
18,18,0++0--++-
18,18,+0+++---0
18,18,0-+++00--
18,18,0+0-+-0--
18,18,++0----+0
18,18,0++-+--00
18,18,+0---+0+-
18,18,0+-+-+000
18,18,0+0+-0--0
18,18,0-+0+-+--
18,18,+-0--+-+0
18,18,+-0++-0-0
18,18,00+0+0-+-
18,18,0++0+-+-0
18,18,++-+-00--
18,18,+0+++0+-0
18,18,0+-+-+0+-
18,18,++00--++0
18,18,++++-00+-
18,18,0+-0+--+0
18,18,++0--0+0-
18,18,+++--+00-
18,18,+00++-0+0
18,18,++0--+0+-
18,18,0+++-0-+0
18,18,++-+-+0+0
18,18,0++++-+00
18,18,+-00-0-+0
18,18,0--++--00
18,18,0--0+--+-
18,18,0-+-+0+-0
18,18,+-00-+000
18,18,0--+-0---
18,18,0++0+0+--
18,19,0-+++00-0
18,19,+0-++-+-0
18,19,0+-0-+-+0
18,19,0-0-+-++0
18,19,0-0+---+-
18,19,00+-+-0-0
18,19,+--+--0+0
18,19,0+++---0-
18,19,+0+-+00--
18,19,0-+++-0--
18,19,+--++-0+0
18,19,0+0-+++0-
18,19,++00-+---
18,19,00--+-+-0
18,19,0+++-+00-
18,19,++00+-0-0
18,19,+-0--++0-
18,19,+0-++00--
18,19,0++++-00-
18,19,++00--+0-
18,19,+-0-+--0-
18,19,00+++00--
18,19,+--0+-0-0
18,19,++--+00-0
18,19,+0++-++-0
18,19,00-++---0
18,19,0-0-+0+-0
18,19,+-0+-0-+-
18,19,+-0--0-+0
18,19,0+--++-0-
18,19,+-0++0+0-
18,20,++00-0--0
18,20,0---+00--
18,20,0-0++00+-
18,20,0++0+--00
18,20,0+-+-0---
18,20,+-+0-0-+0
18,20,0000+-+0-
18,20,+--0+-0+-
18,20,+-+0++0+-
18,20,0+-+-0-+-
18,20,+00-+---0
18,20,+0++-+0+0
18,20,00--+00+-
18,20,0++++0+0-
18,20,0+---00-0
18,21,+0+--+00-
18,21,+++-+-0--
18,21,0+00-+-+0
18,21,0-++++0--
18,21,+-0-++++-
18,21,0+-0+-+--
18,21,00--++00-
18,21,0+--+0-0-
18,21,+0--+00--
18,21,+00--00+0
18,21,0+0+-00--
18,21,+-+-+000-
18,22,+-0++--+0
18,22,0--0+--+0
18,22,0+0-+-++-
18,22,++-+--0+0
18,22,00++-+--0
18,24,++---0+-0
18,25,+-0--++-0
18,25,000-++++-
18,25,0+-0+++--
18,26,0++0+-0--
18,26,++0--0-+0
18,26,++-+--0-0
18,27,000++-0-0
18,27,++-+++0-0
18,29,++0+----0
19,5,0++0-+-00
19,5,+++0-00+-
19,6,0++--+-+0
19,6,+-00--0+-
19,6,0+00+--0-
19,6,0---+-++0
19,6,0+0--0-0-
19,6,00++-0+0-
19,6,++00-00+-
19,6,+0-++0+-0
19,6,++0-+0-0-
19,6,+00-+000-
19,6,+0-0+--00
19,6,+--0+--00
19,6,+-+0-+00-
19,6,+00+-+00-
19,7,0++-+000-
19,7,0+-+-+00-
19,7,+0---0++0
19,7,+-00+0-+-
19,7,0+-+-++-0
19,7,+0-0+00--
19,7,0-+0+-+0-
19,7,00+0++--0
19,7,+0+0+--00
19,7,0++++0---
19,7,++-0-+-00
19,7,+-00---00
19,8,++++-0-00
19,8,00+0+0--0
19,8,0++-+--0-
19,8,0++0+--0-
19,8,00-+-0+--
19,8,00-0+-+00
19,8,0+0-+0+-0
19,8,+0-0-0+00
19,8,+--0-0--0
19,8,+000-0-00
19,8,0-++-0000
19,8,0000+0+0-
19,8,+00+-00+0
19,8,0-++-+00-
19,8,00-0++0-0
19,8,+0+0-00-0
19,8,+--0+-0+0
19,8,0++-+00--
19,8,0-00+-00-
19,8,+-00+000-
19,8,+++0----0
19,8,0++0+0++-
19,8,0++0----0
19,8,00+0+000-
19,8,00+0+--0-
19,9,0-++-00--
19,9,0+-+-0++0
19,9,0++0---0-
19,9,+0+--0++0
19,9,000+---+0
19,9,+-+0-++00
19,9,0+-+-+-00
19,9,000+-000-
19,9,0-+++-+00
19,9,0+-+-0-+0
19,9,0000+0+--
19,9,0++-+0+-0
19,10,0++--0-+-
19,10,+000-0-+0
19,10,0-+++-000
19,10,+0-0--++0
19,10,00--+0-0-
19,10,0--++0+0-
19,10,+0+0-0++0
19,10,+0+0-0+-0
19,10,+0+0-0000
19,10,0-0-+0+--
19,10,++---0000
19,10,+0+0-0-+0
19,10,00++-00+0
19,10,0+-0+0-0-
19,10,0000+0-0-
19,11,0+0--0+--
19,11,+----+0--
19,11,++++-+0+-
19,11,0+---0+-0
19,11,0++-++00-
19,11,++----+-0
19,11,0--+-+++0
19,11,+0+-++0--
19,11,0--+++-+-
19,11,0++0+0-+-
19,11,0++++++-0
19,11,++0+-+++-
19,12,+-+0+0--0
19,12,00+-+--+0
19,12,+-++--+-0
19,12,+--0+00-0
19,12,000-+---0
19,12,0--++--+-
19,12,0-0++--+0
19,12,0+--+++--
19,12,00-0+-+-0
19,12,0-0+-0-+-
19,12,+-+++-00-
19,12,+-+-+---0
19,12,+00--++-0
19,12,0---+0---
19,13,+++-+-+-0
19,13,0--++----
19,13,0+00-++--
19,13,+--0+---0
19,13,+0--+-0+-
19,13,0+0--+-+-
19,13,0+---+++-
19,13,0+00-+-+-
19,13,++--++00-
19,13,+00-++0+-
19,13,00+0+0-0-
19,13,0+0--0--0
19,13,+-+--0000
19,13,+-0+-+---
19,14,0--0+0-+-
19,14,0---+-++-
19,14,0++--++--
19,14,00+0+-++-
19,14,+-+0+0+-0
19,14,+-0--0++-
19,14,0+0-+0---
19,14,+0-++-0+-
19,14,0+00+++--
19,14,0+--+00+-
19,14,+-++--++0
19,14,+-00-++-0
19,14,0-0-++--0
19,14,000+---+-
19,14,+-++-+0+0
19,14,++00+0++-
19,14,++--++--0
19,14,++00+-00-
19,14,++0+-++0-
19,14,0+++-+--0
19,14,+-+0+---0
19,15,++-0++00-
19,15,0+0-+--0-
19,15,00+0+-0-0
19,15,+0-----+0
19,15,000++-++0
19,15,++---00--
19,15,+-++-00--
19,15,0-0++0-+-
19,15,+--+-+--0
19,15,++0-+0+--
19,15,+0-0-+++0
19,15,0++--++00
19,15,++00---00
19,15,+0-0+00-0
19,15,00-++0++-
19,15,00-+-+--0
19,15,0+00-+---
19,15,+++--++-0
19,15,+++-+-0+-
19,15,0+++---+-
19,15,0+0-++--0
19,15,0+-0+++0-
19,15,0-+-+--+-
19,15,+-0+--++-
19,15,0++++----
19,15,0++--00+0
19,15,0+---00+0
19,16,++0+---00
19,16,0---+-0+0
19,16,+-+++00+-
19,16,+-+++00-0
19,16,0++++0+-0
19,16,+-00+++-0
19,16,00++--++-
19,16,0+00+0+--
19,16,0+0+--++-
19,16,+-0+-00+0
19,16,+0-++00-0
19,16,+0+++00--
19,16,00--++--0
19,16,++---+0+0
19,16,+-00--+-0
19,16,0+-++0---
19,16,0-0++-++-
19,16,+--0+-000
19,16,0-+++--+-
19,16,00+0+00+-
19,16,+-00+--+-
19,16,+-00-+--0
19,16,00-++--0-
19,16,+-+--+--0
19,16,00+-+--+-
19,16,+00-+-0+-
19,16,+-00+----
19,16,+-+0+-0--
19,16,+0----0+0
19,16,00-+-+0+0
19,16,+-00--++0
19,16,0-+-+----
19,17,+0+0+-0--
19,17,0++--+0+-
19,17,0+0--+-+0
19,17,0-00+0-+-
19,17,+0+++-+00
19,17,0--+--000
19,17,+00++--+-
19,17,+-+0+00+-
19,17,00-+-+---
19,17,0-0-++00-
19,17,+--0-++-0
19,17,+-+++--00
19,17,0+0-+-+--
19,17,0+00++--0
19,17,00++---+-
19,17,00+-+++--
19,17,0+-+-++00
19,17,++00-++0-
19,17,0+++-00+-
19,17,0++--+++-
19,17,+0---+--0
19,17,+0++-++00
19,17,++0+-+000
19,17,0---++0-0
19,17,+--+++--0
19,17,0-++--000
19,17,0-++-+++-
19,17,0-00+---0
19,17,0+-0+0---
19,17,+-0+-+0--
19,17,+0+++--00
19,17,+++++--+0
19,17,0++--+++0
19,17,+0+0++00-
19,17,+-+0++0--
19,17,0+-0---0-
19,17,+00-+-++-
19,17,+-+0-0++0
19,18,+00+-+0--
19,18,00+-++--0
19,18,00--++-0-
19,18,+0-+----0
19,18,0++0-0++-
19,18,+0+--+0--
19,18,+--+-+00-
19,18,0-0-+-+00
19,18,+0--+---0
19,18,+-+++0--0
19,18,++00-0-+0
19,18,0++++0+--
19,18,0---++-0-
19,18,++-+-0+-0
19,18,++00+-+-0
19,18,+-0++--0-
19,18,+-00+--0-
19,18,+0-++00+-
19,18,++00-+++0
19,18,0---+00+-
19,18,00+0+0++-
19,18,+000++-+-
19,18,00+0+--+0
19,18,+---+-0-0
19,18,0000+-+--
19,18,0+0-+++-0
19,18,+++--0-+0
19,18,0+--+00--
19,18,0++0+-+0-
19,18,+++0-0++0
19,18,++-0----0
19,18,++-0+++-0
19,18,0+0+---+0
19,19,+00+-00--
19,19,00-+-+-00
19,19,++-0-0--0
19,19,0++++-0-0
19,19,000-+00-0
19,19,+-0-+--+0
19,19,+0+0++0--
19,19,++0+-00+0
19,19,0+-0-0-+0
19,19,+-0+---+-
19,19,00+-+-+00
19,19,0+0--00--
19,19,+-0-+0+--
19,19,+0-+-0--0
19,19,+--0--0+-
19,19,+-0+++0--
19,20,00--+-++0
19,20,++0-+00+-
19,20,0+0+-+-00
19,20,+0+--00+-
19,20,00+++--+-
19,20,+0---++-0
19,20,0-0++-+00
19,20,+---+00-0
19,20,+0-+-00--
19,21,+00-+0+-0
19,21,+0---+00-
19,21,+0---00--
19,21,0+0+-+00-
19,21,+----+-00
19,21,++-+-+-00
19,21,++0--+--0
19,21,+-0++--00
19,21,+0---00+-
19,21,0+0-+-+0-
19,21,+--0-0+-0
19,21,0-00+-0+-
19,21,0-0-+-+--
19,21,00+++-+-0
19,21,0+++-+-0-
19,21,00++++-0-
19,21,++-+++--0
19,22,+0+--++00
19,22,+-0--0++0
19,22,+---++0-0
19,22,0++--+0-0
19,22,0--+++-0-
19,22,00+0+-000
19,22,0-+-+++--
19,22,++0+--000
19,23,+0-0-+0+-
19,23,0+++-0+-0
19,23,0-00+-0+0
19,24,+0+--+000
19,25,+-+-+0+-0
19,25,+---+---0
19,26,0++---+00
19,32,0+0---+--
19,37,0+-+-0-00
19,42,00+0+-+-0
20,5,00+-+0--0
20,5,0--0+-+00
20,6,0--+-00+-
20,6,+00+-000-
20,6,+000-+00-
20,6,+00-+-00-
20,6,+0+-+00-0
20,6,00-+-0+0-
20,6,++-0-+0-0
20,6,+00---00-
20,6,+000-0++-
20,6,000+-0+0-
20,7,0+0--0-00
20,7,+0-0-0++0
20,7,+++0+++-0
20,7,+00-+0-+-
20,7,0++--+-0-
20,7,0+---0---
20,7,0-++--++0
20,7,++00-0+0-
20,7,+0-0++0-0
20,7,+0-0-++-0
20,7,0000+-++0
20,7,0++--0+-0
20,8,++0-+00--
20,8,+-+0+++-0
20,8,0++--0++-
20,8,+0+-+0--0
20,8,+0++--++0
20,8,+0+-+-++0
20,8,+0-0+-+00
20,8,00+-+-++0
20,8,0+0--0+00
20,8,+0-0-000-
20,8,+++0---+0
20,8,0--0+++0-
20,8,+0-0-+00-
20,8,00-++00+-
20,8,00-+-0+00
20,8,+0-0-0000
20,8,+000+0+0-
20,9,00-+-+++0
20,9,00--+0-+-
20,9,0--0+-+-0
20,9,00+-+---0
20,9,0--0++-0-
20,9,+++0-0-00
20,9,0--0++--0
20,9,+000+00-0
20,10,+0--+000-
20,10,000-+0+0-
20,10,+-00++00-
20,10,+00+-+-+0
20,10,0+00+--00
20,11,0+0--+--0
20,11,+0-+-+0+-
20,11,+0+-+00+-
20,11,0+0+-0-00
20,12,0--0++0-0
20,12,0-++-+000
20,12,++0----0-
20,12,0+0+-++00
20,12,+++---+-0
20,12,+++--++00
20,12,000-+--+0
20,13,0+---+++0
20,13,+---++0--
20,13,++0--+++-
20,13,+0++--0+0
20,13,+-0-+-0+-
20,14,0+00+0--0
20,14,++-0-0+-0
20,14,0-0+-+++0
20,14,+00--0+--
20,14,0+-0----0
20,14,++-+-+++0
20,14,0-0+-++0-
20,14,0+-++++0-
20,14,0++-++0--
20,15,0+++--0+-
20,15,+000-+-+-
20,15,0-++-0+-0
20,15,0+--+----
20,15,+0++++0+-
20,16,++-0++--0
20,16,0+-++-+--
20,16,+--++00+-
20,16,0-+-++0-0
20,16,+-0+-++--
20,16,+-+--0++0
20,16,0-0-+-++-
20,16,00++-00--
20,16,+0+0-00+0
20,16,0-+-+-++-
20,16,0+++--+00
20,16,0++0+-+00
20,16,++--+-0+-
20,16,++--+-+-0
20,16,00--++-+-
20,16,++00+0+--
20,16,0-++---0-
20,16,0-+0++-0-
20,16,00+-+-000
20,16,0--+-+0+0
20,16,+---+-+00
20,16,++00+-++-
20,17,+---+000-
20,17,+0-+-+0--
20,17,00-+-++0-
20,17,++0---0+-
20,17,++00--0+0
20,17,0+-++0-+-
20,17,0-0+-0-+0
20,17,0+-0--000
20,17,0+----+--
20,17,++-+-+0-0
20,17,0-++-00+-
20,17,0+-++00+-
20,17,0+-+-000-
20,17,+0++--+-0
20,17,++00----0
20,17,+0--++0--
20,17,+0+++++-0
20,17,0+++-00+0
20,17,+-0+++-0-
20,17,0-00+-+--
20,17,0+00-++0-
20,18,+--+-000-
20,18,+--0-0-00
20,18,+0+-+--+0
20,18,++-+-0000
20,18,0-+0+-0-0
20,18,00-0+0--0
20,18,+--+-+0+0
20,18,+0-+-+0-0
20,18,+-0+---+0
20,18,+--0+++-0
20,18,+-0--+00-
20,18,0+--++00-
20,18,00+++-+00
20,18,0-+-++-0-
20,18,+0+--++-0
20,18,0++0-+0--
20,18,0+0+----0
20,18,0+-+++00-
20,19,+0-+-+00-
20,19,00-+-+-+0
20,19,++0+-+-0-
20,19,++0+-+0--
20,19,+0+---0+-
20,19,++-0+-0-0
20,19,++-+-++-0
20,19,++--+00--
20,19,++-0-+00-
20,19,0-+0+--+0
20,19,00+++0+--
20,19,+0-0-0-00
20,19,0-++-0-+0
20,19,0--++-0+0
20,19,0++--+0--
20,19,+++0--++0
20,20,0+-0++0-0
20,20,0+-+-0000
20,20,00+-+-0--
20,20,+00-+-+0-
20,20,++00++0-0
20,20,+-00-+0+0
20,20,0-0++-+--
20,20,++0-+++0-
20,20,0+0+-00+-
20,20,+-00-0-+-
20,20,+-0-+--00
20,21,0+0+-0++-
20,21,0-+0+--+-
20,21,+-00-+++0
20,21,0+-+-0++-
20,22,+-00+++0-
20,22,00++++-+-
20,23,+00+++-+-
20,24,+-00+00-0
20,25,000++----
20,26,0+-0--0-0
20,27,0+00+0+-0
20,28,+--+---00
20,28,+00++-000
20,30,++0++--+0
20,33,+----0++0
20,33,++0--0--0
21,5,00-+-0++0
21,5,0+------0
21,6,0+-+-00-0
21,6,+0-0-00+-
21,6,0+00+-+-0
21,7,+000+--0-
21,7,00++-0-0-
21,7,00+0++0-0
21,7,0--0+0+0-
21,8,0++0-+-0-
21,8,0+0--000-
21,8,0--+-0-+-
21,8,00++-0-00
21,8,+-+0-+-00
21,8,+0+0---00
21,8,+++0-++-0
21,8,0-0++-+0-
21,8,+0++-0-00
21,8,0-++-++0-
21,9,00--+--+0
21,9,++--++0--
21,9,+++0-++00
21,9,+-00-+00-
21,9,+++0-0000
21,9,+0+--0000
21,9,+00+-0-00
21,10,0--+-0-+0
21,11,0-++--00-
21,11,0+---00--
21,11,00+++00-0
21,11,+00--+--0
21,11,0-+++---0
21,11,+---+-0--
21,12,0+--+-0+0
21,12,0--0+-0-0
21,12,+0-+++--0
21,12,++--+0--0
21,12,+---+-0+-
21,12,0---+0++-
21,12,00++-0++0
21,12,+--+-+0+-
21,12,+0---+-+0
21,12,0---+---0
21,12,0-++--0+0
21,13,00-0++0+-
21,13,+--0-+-+0
21,13,++---++00
21,13,+++--0++0
21,13,0+-0+---0
21,13,0+---+-+-
21,13,0+0+-000-
21,14,0+-+-0+-0
21,14,0+00-0-0-
21,14,+-++--0+-
21,14,+0+0--++0
21,14,+-++-+-+0
21,15,++00--0-0
21,15,0+++-++0-
21,15,+-+----+0
21,15,+0----++0
21,15,00+0+00--
21,15,0+-0-++0-
21,15,+0--+0+-0
21,15,++---000-
21,15,0000+-+-0
21,16,0+++-+-+-
21,16,0--++0-+-
21,16,+00-+-0-0
21,16,0-0+-++-0
21,16,++---0-00
21,16,00-+-+0+-
21,16,0+0-++++-
21,16,0-++--++-
21,16,+0--+-0+0
21,16,0-++-0+00
21,16,0-+-+0-0-
21,16,0-++-0-00
21,16,+00-+-+--
21,16,0-0+-00--
21,16,000+-++0-
21,16,+++0-+0--
21,16,+--++--+0
21,17,0-00+0+-0
21,17,000-++---
21,17,0++++0-+-
21,17,0-++-----
21,17,00-+-000-
21,17,+++++-+-0
21,18,+--0+0+-0
21,18,++00+-0+0
21,18,0+0++00--
21,18,0-+++----
21,18,++------0
21,18,+000-+++-
21,18,0+0-++00-
21,18,+--+++00-
21,18,+-0-+0-+-
21,18,+00+-0-+-
21,18,0-0+-0--0
21,18,0-00+-0--
21,19,++0-+++--
21,19,+00++++-0
21,19,0++--00-0
21,19,+-00-+-+-
21,19,+0++----0
21,19,+-00++-+-
21,19,++00+++0-
21,19,0+0+-0+--
21,20,000+----0
21,20,+-00-++--
21,20,++00--0+-
21,20,++-+-0-00
21,20,+0---0--0
21,20,++-++--+0
21,20,0++++00--
21,20,00++-0+00
21,20,++0-++--0
21,21,+-0+-+-0-
21,21,00--+-0+0
21,21,+--+----0
21,21,+0-+-+-+0
21,21,0-+0+---0
21,21,0-++-++--
21,21,+-----0-0
21,21,00-+++--0
21,21,+0--++0-0
21,21,0++++++--
21,21,0++-+00+-
21,21,+-+----00
21,21,0++++-++-
21,22,+-0+-0-0-
21,22,0+--+0-+-
21,22,0-+-++00-
21,23,0++-+-+--
21,23,0-+++-+--
21,23,000+-0-00
21,24,+--+-0+-0
21,24,++0+-+0+-
21,24,00-0+--+0
21,26,++++--000
21,26,0+-0+-0--
21,26,0+-0+0++-
21,27,+-----000
21,27,000+++++-
21,31,000++++--
22,4,0+++++--0
22,4,0++-----0
22,6,+00---0-0
22,6,+00-+0+0-
22,6,+-+0-00+-
22,6,0+0+++00-
22,7,0+-+--+00
22,7,0++0+0--0
22,8,+--0++--0
22,8,+-00-0---
22,8,0-+0+0+0-
22,8,+0--+--+0
22,8,+0-+--+-0
22,8,+-00--+00
22,8,0+-0-0+00
22,9,00-0+-0+0
22,9,00-0+-00-
22,9,+0-++-++0
22,9,0++--0000
22,10,00-++0-0-
22,10,++-0-0+00
22,11,+000+++0-
22,11,0+-0+++-0
22,11,000+-++--
22,11,++++-++-0
22,12,+++--+0+-
22,12,+--0-00--
22,12,+-00++0--
22,13,+-+0+00--
22,13,0+--+--0-
22,13,+0-+-0-00
22,13,0000+----
22,13,+00----+-
22,13,++++-0++0
22,14,+--++---0
22,14,++0---00-
22,14,++-++00+-
22,14,+-00-00+0
22,14,+++-++--0
22,14,+0+0-+-+0
22,14,+--0--0-0
22,15,+++0+-+-0
22,15,0+-+-0+--
22,15,0--++-++-
22,15,+-0+-0++-
22,15,0--+-+0-0
22,15,++++--++0
22,15,0-0+-+0--
22,16,0-+++-0-0
22,16,0--0+-0+-
22,16,00-0++-0-
22,16,00+++0-+-
22,16,00-0+--0-
22,16,0++-+-+00
22,16,+-----++0
22,17,++0-+-00-
22,17,000++--0-
22,17,++0--+000
22,17,+-+0-0-00
22,17,+-00+++--
22,17,000-+-00-
22,17,+-+0---+0
22,17,+-00-+-0-
22,17,000+-++00
22,18,+0-+--++0
22,18,0++0+0---
22,18,+0---+-00
22,18,+-00--++-
22,18,0+00+--+-
22,18,00+-+++0-
22,18,+-++++0-0
22,18,+-+0-0+00
22,18,00++++---
22,18,0+++---00
22,19,0+++-0-+-
22,20,+-00--+0-
22,20,0-++--+--
22,20,000-+-0--
22,20,++-+--0--
22,20,+++0++0+-
22,20,00-+++0--
22,21,++---00+-
22,21,++0+-+-+0
22,21,+0+--0-+0
22,22,+00--+---
22,22,000+-+-+-
22,22,0--0+00+-
22,22,+0--+00+-
22,22,000-+----
22,23,0000+00-0
22,23,++-+---+0
22,23,+-++--000
22,24,0+0+++---
22,25,+-00-0++0
22,25,++0+-0+-0
22,28,++++--00-
22,30,0++0++0--
22,31,000-+-0-0
22,34,+-0---0--
23,4,0+-++-++0
23,7,+0-0+0+-0
23,9,0++-++0-0
23,9,0--+--0+0
23,9,0+00++---
23,9,0++--0---
23,10,+00+-++00
23,10,0-00+0---
23,10,+++0-00+0
23,11,0-0+---0-
23,11,0++++-++0
23,11,0+-0++---
23,11,+--+++0+-
23,11,+-+--0+-0
23,11,0++---0+0
23,11,00-+++-+-
23,12,0+-+--++-
23,12,0+00-0-+0
23,13,++++-0000
23,13,+++0++00-
23,13,++00++-+-
23,13,0+-0++-+-
23,14,00-++-000
23,14,0+0++0++-
23,14,0+0+-+++0
23,14,000-++--0
23,15,+++0+00-0
23,15,+0+---000
23,15,+--+--++0
23,15,+++-++00-
23,15,000+--+00
23,15,+++0-0+00
23,16,+-+0--00-
23,16,+-+0---00
23,16,0++0-00+0
23,16,+++++++-0
23,16,+-00--+--
23,16,0+0---++0
23,17,+-00-+0--
23,17,00-0++++-
23,17,++--+--+0
23,17,000++-0--
23,17,0-+++++--
23,18,+-00+--+0
23,18,++++-+000
23,18,0-00+00+-
23,19,+0+0-+++0
23,19,++0-+-++0
23,19,+-+0+--+0
23,19,0--+-+0--
23,19,+-0+--+--
23,20,00+-+----
23,20,0-++-+-0-
23,20,00+-++---
23,20,++0-----0
23,21,++-+-0++0
23,21,000+-+-00
23,21,0-+-+-+--
23,21,0+---0--0
23,21,+--0-+++0
23,22,+-0--0000
23,22,++-+-+-+0
23,23,+++0++0--
23,23,0+00-00+-
23,23,+----0+-0
23,24,+00++-++-
23,25,+--+-0++0
23,25,0++0++0+-
23,26,0-00+-0-0
23,28,++0+-0++0
23,30,00+++-000
23,32,0+00-0000
23,41,+----0-00
24,5,0--+----0
24,6,+-00--0-0
24,6,000++00--
24,7,+++0-00--
24,7,+00++0--0
24,8,00+-+0-+-
24,8,0000+--+0
24,10,0--+--++-
24,10,00-++-+0-
24,12,0+++-+++0
24,12,0000+--+-
24,12,+++0--00-
24,13,00--+-0--
24,13,00-0+-0--
24,13,++0+-0+00
24,13,+0++++0-0
24,14,++0+-++00
24,14,+--+-0+00
24,14,+++++---0
24,14,000-+--00
24,14,+++0-0--0
24,15,+00+-0+--
24,15,0-00+0--0
24,15,0000+-0--
24,15,+00---000
24,15,0+00-0++0
24,15,00--+-000
24,15,0--+++0-0
24,15,000+++-0-
24,15,0-0+--0--
24,15,++----0+0
24,16,0+0-+--+0
24,17,+00-+0+--
24,17,+++--+-00
24,17,++0+++++-
24,17,0++-+-000
24,17,+-0+-+000
24,18,0-++-0+--
24,18,0+++-+++-
24,18,000-++0--
24,19,++-----+0
24,19,0--+-++--
24,19,+000+--00
24,19,+00--+000
24,19,0+-+-+-0-
24,19,+--+--0+-
24,19,+00-++---
24,19,+-00+---0
24,19,0-0-+-0--
24,19,+-0-----0
24,20,+--++0+-0
24,20,0+-0+-++-
24,20,+000+-+00
24,20,++0++00+-
24,20,++0+++---
24,21,0+-0++++-
24,21,000+++0--
24,21,00++-+---
24,21,++0+++0--
24,22,++0--+---
24,22,++++--+00
24,23,++----000
24,23,0+-+-0+0-
24,23,+00++----
24,23,+0--+-+-0
24,23,0+00--0+0
24,24,++0+-0000
24,25,0--0+-0--
24,25,0+0-+-000
24,26,0+0++0+-0
24,26,++0++-0+-
24,26,++++-0+-0
24,27,0--0+-+--
24,27,000-++-0-
24,27,+-0--0--0
24,28,+00+++++-
24,33,0+00-0--0
25,6,0++0-0--0
25,6,0+0++00+-
25,6,+00+--00-
25,8,0+-++-+0-
25,9,+00+-0000
25,9,00-++-0+-
25,9,+00+-0+00
25,9,0000+0---
25,10,00++-+000
25,11,+--0--000
25,11,000+--++-
25,12,0+0+-0++0
25,12,0+-+--+--
25,12,+00+--000
25,13,0-00++0--
25,13,+++--+000
25,13,0--+-00--
25,13,0+-+--0--
25,13,++0+++0-0
25,14,0---+-0-0
25,14,0++--+---
25,14,++0--00-0
25,14,00-0+-++-
25,14,++00+-++0
25,14,+-0++-++-
25,14,0--0++---
25,14,0+++-----
25,14,+--0--00-
25,15,00-0+0++-
25,15,++0-+-++-
25,15,0++0-00-0
25,15,+-00-0+-0
25,15,+00----00
25,15,+--+-+0--
25,15,0+0----+-
25,15,0--+-----
25,15,+0++++00-
25,16,0+0-+-++0
25,16,+------+0
25,16,0000+0--0
25,16,0+-0-00+0
25,16,0+++++0+-
25,16,00--+-++-
25,16,+++++-++0
25,16,0+00+-000
25,16,++-+--++0
25,17,000+-+--0
25,17,++00-00+0
25,17,0+00--0+-
25,17,++00-0+-0
25,17,0+00-0---
25,18,0-0+--000
25,18,0+0++-0+-
25,18,+-++++--0
25,18,+-0+-0++0
25,18,000+-0+00
25,18,++0--0---
25,18,0+0----0-
25,18,0++----+-
25,19,+00++++--
25,19,0+-0++0--
25,19,+-+0+-0+-
25,19,0+++++00-
25,19,+-++-+0--
25,20,+0++--000
25,21,0+0---++-
25,22,+-0--0---
25,22,+++---0-0
25,22,+-0++++-0
25,22,++0+-00-0
25,23,++0---0--
25,23,+-0+-0000
25,24,000-+--0-
25,24,++0+-----
25,25,0-0+-+---
25,25,+++0+-0+-
25,25,000+--00-
25,26,0--0+-++-
25,26,+-0+-++-0
25,30,++0+++0+-
25,30,0+00--0-0
25,30,0000+-000
25,32,+00---0--
25,32,000+-0000
25,32,0000+-0-0
26,4,0--+--+-0
26,6,++00+00+-
26,7,000+-0+--
26,9,+-0+--+00
26,9,+++0--000
26,10,0+++++0-0
26,11,++--+-00-
26,11,+-+--+0--
26,11,0+0---0--
26,11,0++---0+-
26,12,+--++-+-0
26,12,0+++-+000
26,13,0+--+--+-
26,13,0+-0--++-
26,13,+++--00-0
26,13,+-+---+00
26,13,+00-----0
26,14,+0+---0--
26,14,+--++-++0
26,15,++0--00+0
26,15,+00++0++-
26,15,000++-00-
26,15,0++-++---
26,15,0++0-----
26,16,+-0++0--0
26,16,0+-0+-00-
26,16,0+-0+00+-
26,16,000-+-0+0
26,16,0+0++-00-
26,16,00-++-00-
26,16,0++-++-+-
26,16,0--++-+--
26,16,+00+--+00
26,16,000++00-0
26,16,++0+-++-0
26,16,0+-------
26,16,0-++++++-
26,17,+-0+-00--
26,17,0--0+00-0
26,17,0+0--00-0
26,17,00--++---
26,18,+-++-0+-0
26,18,+-++-+--0
26,18,+00++-+00
26,18,0+0+++++-
26,18,00-+-----
26,19,0-00+00--
26,19,00-+--00-
26,19,000+--+-0
26,19,+--0+00--
26,19,+0++-+000
26,19,+00+-+000
26,20,+-0+--0--
26,20,++0++-+00
26,20,0++---+--
26,21,++00+0+-0
26,21,++-0--0+-
26,22,+-0-+-0--
26,22,000+-+00-
26,22,+-+--+000
26,22,0+----0+-
26,22,+++---0+0
26,23,0+--+-0+-
26,24,+++-+-0+0
26,25,++----00-
26,26,+-0++0+--
26,27,0+0+-+000
26,27,000+-+0-0
26,27,00-++----
26,28,0++0+-0+-
26,31,0+0+-00+0
26,32,000++-+00
27,6,++00+00--
27,6,++00+0-+-
27,6,++00--000
27,7,0+++++++-
27,8,0000++0-0
27,9,0000+-00-
27,10,00--+-00-
27,10,+++--0+00
27,10,0+0-----0
27,11,+++++0+-0
27,11,+00-++-+-
27,12,+-++-0+00
27,12,00-0+0---
27,12,000++0---
27,12,++0-++-+-
27,13,+--++-+00
27,13,++0++-+-0
27,13,+00+++0--
27,13,+++++-0-0
27,14,00-0+0-+-
27,14,+00--0000
27,14,000++0--0
27,14,0+0-+--+-
27,14,0-0-+---0
27,14,00+0++---
27,14,0+00-----
27,14,0+00+-++-
27,14,+-0++0---
27,14,+++++-+00
27,15,0+++-++--
27,15,+00-+--+-
27,15,++-0+-00-
27,15,+-0+-----
27,15,+-0---++-
27,15,+++---++0
27,16,++0++++-0
27,16,0+00+00+-
27,16,0000++---
27,16,0-0++----
27,16,+++--+--0
27,16,0+++-+0+0
27,16,0+----0--
27,17,0+-0+00--
27,17,0++0--0+-
27,17,+--++-000
27,17,++-++-0+0
27,17,00+0++00-
27,17,+-----0--
27,18,+-++-++-0
27,18,++0---0-0
27,18,++--+-++0
27,18,000+++00-
27,18,000+-00-0
27,19,0+00+0++-
27,19,++0++-+--
27,19,++0+-+0+0
27,20,++0-+-0+0
27,20,+-00-00-0
27,20,+00--+-00
27,21,+++-+-00-
27,21,++-0+-0+-
27,21,+00-+--0-
27,22,+00-+-000
27,22,+++-++0--
27,22,+00--0-00
27,22,++0+++00-
27,23,++0--0000
27,24,0++++-000
27,24,+++----00
27,25,000++-++-
27,29,000+--0+0
27,30,0+0+-0000
28,6,+000-00--
28,6,+0-++-00-
28,6,+00++-00-
28,6,+00--00-0
28,6,+-00-00--
28,6,+00+++00-
28,6,+00+-00-0
28,8,0+0--0000
28,9,0+0++-++0
28,9,0--+--0-0
28,10,+++0++--0
28,12,+--0-0000
28,12,0++-++-0-
28,12,++0++-0+0
28,12,++0++0-+-
28,13,0+00++0--
28,13,+0+--+--0
28,13,+++--0-00
28,13,0+0+-----
28,13,00-+-+000
28,13,+00--0---
28,14,+-++-+0-0
28,14,0+-++-000
28,14,0+00+0---
28,14,+++--0+-0
28,14,0000+0++-
28,14,+-0+-00-0
28,15,0+++-+0-0
28,15,0--+++---
28,15,000-+-0+-
28,15,0++-+----
28,15,+-0++00-0
28,15,0-0+++--0
28,15,+000-+0+-
28,15,000-++00-
28,16,0000+-0+-
28,16,+++-+0--0
28,16,00+0++-+-
28,16,0-+0+00-0
28,16,+-++++0--
28,16,0-0+-----
28,16,+++0--0+-
28,16,0+++++---
28,17,+0-+--00-
28,17,0++-+--+-
28,17,+--0++0--
28,17,0+0++0--0
28,17,+--0-00+0
28,17,++++++0+-
28,17,++----++0
28,17,+-0+++--0
28,18,0++0--0-0
28,18,0--++++--
28,18,++00-0---
28,18,0+0+++0--
28,19,+--+-++00
28,19,+--+++0--
28,19,0+-0+-000
28,19,000++-0+0
28,19,0+00++0-0
28,20,++--+-0+0
28,20,+++---+00
28,21,0+0+-+0+-
28,21,000+-+0--
28,21,+++---0--
28,22,+-00--0--
28,22,0+0++-000
28,23,0+-0-00--
28,24,+--+--000
28,24,0000++0+-
28,24,+++++-0--
28,24,+-+--0--0
28,25,0+-++-0+-
28,25,0++0++-+-
28,25,0--0+00--
28,25,0+00-+0-0
28,26,0+0++00-0
28,27,+-----+00
28,28,0+-0+----
28,28,+-0+--+-0
28,30,+-0+-0--0
28,30,+-+---0-0
28,30,+-+---000
28,33,+--+--00-
28,35,0++0+00-0
29,6,0+00+-00-
29,6,000++00+-
29,6,++00+0---
29,6,+-00--000
29,7,+00+--+0-
29,7,++++-+++0
29,9,0--+--+0-
29,9,+00--0--0
29,9,+00---+0-
29,9,+-00-0+00
29,9,0000++-0-
29,9,0000+00--
29,11,+00++0---
29,11,0-++-+0-0
29,11,+++--0000
29,13,00-0+-0+-
29,13,+++++-0+-
29,13,+00+--++-
29,14,++++-++00
29,14,+00+-++--
29,15,00--+----
29,15,00-++--+-
29,16,++0-+0--0
29,16,00-+--0--
29,16,+-+--0-00
29,16,++00-0++-
29,16,00+-+--0-
29,16,+-+--+00-
29,16,+-00-0000
29,16,+00+-0+-0
29,17,0-0+-++--
29,17,+----0+00
29,17,0+++++0--
29,17,0-0++++--
29,17,0-++++0-0
29,18,0-0++0+-0
29,18,0+-0--0+0
29,19,+++++-000
29,19,++-0-0++0
29,19,+0++-+-00
29,19,00-+++---
29,19,0---+0-0-
29,19,0--0+0+--
29,19,0+0++-++-
29,19,+++++00-0
29,20,0-0+++---
29,20,+00+++---
29,20,000+-0+-0
29,21,++0-+--+-
29,21,000+--0-0
29,21,+--++-0--
29,21,+-0++0++-
29,22,+-++-00-0
29,23,0-0+-00-0
29,23,++-++-0+-
29,24,+00+-+---
29,26,+-0+-0---
29,26,00-+--000
29,26,0-0++00-0
29,33,000+++-+-
30,5,+++0+0--0
30,7,+-------0
30,9,+00----0-
30,10,00-0++---
30,11,0+++++-+-
30,12,++----0-0
30,14,+--0-+0--
30,14,+0-+--+00
30,14,0000++00-
30,15,0+0-+---0
30,15,+-0+--000
30,15,+0-++-000
30,15,+-0-+000-
30,15,00-+--++-
30,15,+++0-00-0
30,15,++0---++0
30,15,++0----+-
30,16,0+--+-0--
30,16,++++--0+0
30,16,+-0+----0
30,16,+--0++0+-
30,16,00-0++0--
30,16,+++++-0+0
30,17,++0-+-000
30,17,00--+--+-
30,17,+++-----0
30,17,0+0---000
30,18,+-0+--0-0
30,18,0++0--000
30,18,00-0+-000
30,19,+-0+-0+--
30,19,+--0-00-0
30,19,00-+--+--
30,19,0++-+-0+-
30,19,+++-+--00
30,20,0+0+--++0
30,21,++0---++-
30,21,00-0+----
30,22,0+00--000
30,22,++0---+00
30,23,+0++-+00-
30,23,0-0+--+--
30,23,0++---0--
30,24,++0-+--+0
30,25,++00-0++0
30,25,000-++-+-
30,25,0+00+-0--
30,25,0+-0+--+-
30,28,0-0++-000
30,30,000+---00
31,6,00-++-+00
31,6,++00+000-
31,6,+000-000-
31,7,++-0+-000
31,11,+-+-----0
31,12,0-+-+-+-0
31,12,+-+0--0--
31,12,00++++0--
31,12,0+++-+---
31,13,++0++++--
31,13,0--0+----
31,14,+0+--0+00
31,14,++0----00
31,14,++-++-+-0
31,15,0+++--++-
31,15,0++++-0+-
31,15,000-+-+00
31,15,++0+++-0-
31,15,++----0--
31,16,+----+--0
31,16,0+0++++--
31,16,++00+0--0
31,16,++++-+--0
31,17,+-0+-0+00
31,17,+-0+-+--0
31,17,+-0------
31,18,0+0----+0
31,18,0++0-0000
31,20,++0--0+-0
31,20,00-0+0-0-
31,20,+0+++-000
31,20,000+-+---
31,21,+++++-00-
31,21,00++++00-
31,21,+00+-----
31,22,++-0+-0--
31,22,00-0+---0
31,23,+--+--0-0
31,24,0000++0--
31,25,000+-+0+0
31,26,0-++-+0--
31,26,++0+-0+--
31,28,+-----00-
31,32,0+-0-00-0
31,34,+-0--0+-0
31,35,++-+----0
32,7,+-+0-00--
32,9,++00-0000
32,9,+0-+++00-
32,11,+-----+-0
32,12,+++-+---0
32,12,++-+++00-
32,12,+00---+--
32,12,+++++00--
32,13,+-++-0++0
32,13,00-0+--+-
32,14,++0--0+00
32,14,0++-++++-
32,14,000++-0+-
32,14,+-0+++0-0
32,15,00+0++-0-
32,15,+--++-00-
32,16,+-++-0000
32,16,0+-0-----
32,18,0++0-00--
32,19,0+00+00--
32,19,000++--+-
32,22,++++-0+00
32,22,0+-0+-0+0
32,24,+--+++0-0
32,31,+-++-+000
33,6,++00-00--
33,6,+000--00-
33,8,0-0+-0000
33,8,0000+-0+0
33,10,+0-+--0--
33,11,0++0++00-
33,11,0+-+++++-
33,11,000++0++-
33,12,0+0---0+-
33,12,++0-+0++-
33,13,+0++-0+00
33,13,0+00+-0+-
33,13,+-++++00-
33,14,+00-+----
33,14,0--+++0--
33,15,+--+-00-0
33,15,+-00-0+--
33,15,0000+00+-
33,15,++++-+00-
33,16,++++-00+0
33,16,++0--0++-
33,17,0++--+000
33,18,+--0-0+00
33,18,+++---00-
33,19,0-0+-0+-0
33,20,+00+--0-0
33,20,0++0-+---
33,21,0-00+----
33,23,0+00+-0+0
33,27,00-+++++-
33,29,0-0-+-000
33,32,0+-0++0+-
33,32,0+00-+0+0
33,32,000-+--+-
33,32,0+00-00--
33,44,0++++-+--
34,5,0++0-0---
34,6,0+00++00-
34,6,00-+--+00
34,7,0++0--00-
34,12,0--++0++-
34,12,0+-+-+-+0
34,13,+0+--0-00
34,14,++--+---0
34,15,+--+--+-0
34,15,+--0--++0
34,15,+-++--+00
34,17,++0+--++-
34,17,0+-++-++-
34,18,000+++0-0
34,18,++++-+0--
34,19,++00-00-0
34,20,000+++--0
34,22,0-00+0++-
34,30,00-++-++-
35,6,+000-----
35,7,0000+000-
35,7,0---+----
35,13,++0++-+0-
35,14,++0+-0++-
35,16,++0---000
35,17,++-++-+00
35,19,++0+++--0
35,20,++0++0+--
35,20,++-0--0--
35,22,+-0-+-0-0
35,22,0++---000
35,23,0+++-0+00
35,23,++0++0+-0
35,27,00-+++00-
35,30,0+0+++-+-
35,31,0-0-+00-0
36,8,+000-0000
36,13,+--0+-0--
36,15,000+-----
36,16,+00+++-0-
36,16,0+0--00+0
36,17,++00-----
36,18,+0+---00-
36,19,0-0+-+000
36,20,+++-+-000
36,21,00+0++++-
36,23,0+-0--0--
36,28,++00+00-0
37,6,+00++000-
37,7,00-+--+0-
37,10,00-0+00+-
37,12,++-0+00+-
37,17,0+-0--0+-
37,17,+-0++0+-0
37,17,++0-+0---
37,18,00+-++00-
37,23,+0+0-0+00
37,26,++0--0++0
37,28,0+0-+00-0
37,31,+++--0--0
37,32,+--+--+00
37,33,0++0++---
38,12,+000--0-0
38,14,0+0++000-
38,15,+-++-+00-
38,16,000+--+0-
38,17,++0-+----
38,19,0-00++0-0
39,6,++0++0+0-
39,6,+0-0--0--
39,15,+++++0--0
39,17,0--0+-0+0
39,26,0--0++0--
40,6,+000+000-
40,6,+++++000-
40,12,+00++-+0-
40,14,+++0+00--
41,5,+0-++-+00
41,24,+-+0-00-0
42,31,0+-+++0+-
43,19,0-0+-0++0
43,21,0+00+0-+-
43,24,+00---+00
45,28,+-0---+-0
